{"timestamp":"2026-10-03T11:00:20.086604Z","level":"info","event":"Filling up the DagBag from /opt/airflow/dags/orchestrate.py","logger":"airflow.dag_processing.dagbag.BundleDagBag","filename":"dagbag.py","lineno":460}
{"timestamp":"2026-10-03T11:00:24.027098Z","level":"warning","event":"The `airflow.operators.bash.BashOperator` attribute is deprecated. Please use `'airflow.providers.standard.operators.bash.BashOperator'`.","category":"UserWarning","filename":"/opt/airflow/dags/orchestrate.py","lineno":3,"logger":"py.warnings"}
{"timestamp":"2026-10-03T11:00:54.558013Z","level":"info","event":"Filling up the DagBag from /opt/airflow/dags/orchestrate.py","logger":"airflow.dag_processing.dagbag.BundleDagBag","filename":"dagbag.py","lineno":460}
{"timestamp":"2026-10-03T11:00:55.481439Z","level":"warning","event":"The `airflow.operators.bash.BashOperator` attribute is deprecated. Please use `'airflow.providers.standard.operators.bash.BashOperator'`.","category":"UserWarning","filename":"/opt/airflow/dags/orchestrate.py","lineno":3,"logger":"py.warnings"}
{"timestamp":"2026-10-03T11:01:25.874907Z","level":"info","event":"Filling up the DagBag from /opt/airflow/dags/orchestrate.py","logger":"airflow.dag_processing.dagbag.BundleDagBag","filename":"dagbag.py","lineno":460}
{"timestamp":"2026-10-03T11:01:26.753815Z","level":"warning","event":"The `airflow.operators.bash.BashOperator` attribute is deprecated. Please use `'airflow.providers.standard.operators.bash.BashOperator'`.","category":"UserWarning","filename":"/opt/airflow/dags/orchestrate.py","lineno":3,"logger":"py.warnings"}
{"timestamp":"2026-10-03T11:01:57.143570Z","level":"info","event":"Filling up the DagBag from /opt/airflow/dags/orchestrate.py","logger":"airflow.dag_processing.dagbag.BundleDagBag","filename":"dagbag.py","lineno":460}
{"timestamp":"2026-10-03T11:01:57.916143Z","level":"warning","event":"The `airflow.operators.bash.BashOperator` attribute is deprecated. Please use `'airflow.providers.standard.operators.bash.BashOperator'`.","category":"UserWarning","filename":"/opt/airflow/dags/orchestrate.py","lineno":3,"logger":"py.warnings"}
{"timestamp":"2026-10-03T11:02:28.282079Z","level":"info","event":"Filling up the DagBag from /opt/airflow/dags/orchestrate.py","logger":"airflow.dag_processing.dagbag.BundleDagBag","filename":"dagbag.py","lineno":460}
{"timestamp":"2026-10-03T11:02:29.156949Z","level":"warning","event":"The `airflow.operators.bash.BashOperator` attribute is deprecated. Please use `'airflow.providers.standard.operators.bash.BashOperator'`.","category":"UserWarning","filename":"/opt/airflow/dags/orchestrate.py","lineno":3,"logger":"py.warnings"}
{"timestamp":"2026-10-03T11:02:59.508169Z","level":"info","event":"Filling up the DagBag from /opt/airflow/dags/orchestrate.py","logger":"airflow.dag_processing.dagbag.BundleDagBag","filename":"dagbag.py","lineno":460}
{"timestamp":"2026-10-03T11:03:00.313190Z","level":"warning","event":"The `airflow.operators.bash.BashOperator` attribute is deprecated. Please use `'airflow.providers.standard.operators.bash.BashOperator'`.","category":"UserWarning","filename":"/opt/airflow/dags/orchestrate.py","lineno":3,"logger":"py.warnings"}
{"timestamp":"2026-10-03T11:03:30.655454Z","level":"info","event":"Filling up the DagBag from /opt/airflow/dags/orchestrate.py","logger":"airflow.dag_processing.dagbag.BundleDagBag","filename":"dagbag.py","lineno":460}
{"timestamp":"2026-10-03T11:03:31.493762Z","level":"warning","event":"The `airflow.operators.bash.BashOperator` attribute is deprecated. Please use `'airflow.providers.standard.operators.bash.BashOperator'`.","category":"UserWarning","filename":"/opt/airflow/dags/orchestrate.py","lineno":3,"logger":"py.warnings"}
{"timestamp":"2026-10-03T11:04:01.873382Z","level":"info","event":"Filling up the DagBag from /opt/airflow/dags/orchestrate.py","logger":"airflow.dag_processing.dagbag.BundleDagBag","filename":"dagbag.py","lineno":460}
{"timestamp":"2026-10-03T11:04:02.717340Z","level":"warning","event":"The `airflow.operators.bash.BashOperator` attribute is deprecated. Please use `'airflow.providers.standard.operators.bash.BashOperator'`.","category":"UserWarning","filename":"/opt/airflow/dags/orchestrate.py","lineno":3,"logger":"py.warnings"}
{"timestamp":"2026-10-03T11:04:33.109320Z","level":"info","event":"Filling up the DagBag from /opt/airflow/dags/orchestrate.py","logger":"airflow.dag_processing.dagbag.BundleDagBag","filename":"dagbag.py","lineno":460}
{"timestamp":"2026-10-03T11:04:34.022874Z","level":"warning","event":"The `airflow.operators.bash.BashOperator` attribute is deprecated. Please use `'airflow.providers.standard.operators.bash.BashOperator'`.","category":"UserWarning","filename":"/opt/airflow/dags/orchestrate.py","lineno":3,"logger":"py.warnings"}
{"timestamp":"2026-10-03T11:05:04.421165Z","level":"info","event":"Filling up the DagBag from /opt/airflow/dags/orchestrate.py","logger":"airflow.dag_processing.dagbag.BundleDagBag","filename":"dagbag.py","lineno":460}
{"timestamp":"2026-10-03T11:05:05.268389Z","level":"warning","event":"The `airflow.operators.bash.BashOperator` attribute is deprecated. Please use `'airflow.providers.standard.operators.bash.BashOperator'`.","category":"UserWarning","filename":"/opt/airflow/dags/orchestrate.py","lineno":3,"logger":"py.warnings"}
{"timestamp":"2026-10-03T11:05:35.677234Z","level":"info","event":"Filling up the DagBag from /opt/airflow/dags/orchestrate.py","logger":"airflow.dag_processing.dagbag.BundleDagBag","filename":"dagbag.py","lineno":460}
{"timestamp":"2026-10-03T11:05:36.603975Z","level":"warning","event":"The `airflow.operators.bash.BashOperator` attribute is deprecated. Please use `'airflow.providers.standard.operators.bash.BashOperator'`.","category":"UserWarning","filename":"/opt/airflow/dags/orchestrate.py","lineno":3,"logger":"py.warnings"}
{"timestamp":"2026-10-03T11:06:07.012294Z","level":"info","event":"Filling up the DagBag from /opt/airflow/dags/orchestrate.py","logger":"airflow.dag_processing.dagbag.BundleDagBag","filename":"dagbag.py","lineno":460}
{"timestamp":"2026-10-03T11:06:08.021420Z","level":"warning","event":"The `airflow.operators.bash.BashOperator` attribute is deprecated. Please use `'airflow.providers.standard.operators.bash.BashOperator'`.","category":"UserWarning","filename":"/opt/airflow/dags/orchestrate.py","lineno":3,"logger":"py.warnings"}
{"timestamp":"2026-10-03T11:06:38.430746Z","level":"info","event":"Filling up the DagBag from /opt/airflow/dags/orchestrate.py","logger":"airflow.dag_processing.dagbag.BundleDagBag","filename":"dagbag.py","lineno":460}
{"timestamp":"2026-10-03T11:06:39.270809Z","level":"warning","event":"The `airflow.operators.bash.BashOperator` attribute is deprecated. Please use `'airflow.providers.standard.operators.bash.BashOperator'`.","category":"UserWarning","filename":"/opt/airflow/dags/orchestrate.py","lineno":3,"logger":"py.warnings"}
{"timestamp":"2026-10-03T11:07:09.673497Z","level":"info","event":"Filling up the DagBag from /opt/airflow/dags/orchestrate.py","logger":"airflow.dag_processing.dagbag.BundleDagBag","filename":"dagbag.py","lineno":460}
{"timestamp":"2026-10-03T11:07:10.537951Z","level":"warning","event":"The `airflow.operators.bash.BashOperator` attribute is deprecated. Please use `'airflow.providers.standard.operators.bash.BashOperator'`.","category":"UserWarning","filename":"/opt/airflow/dags/orchestrate.py","lineno":3,"logger":"py.warnings"}
{"timestamp":"2026-10-03T11:07:40.957610Z","level":"info","event":"Filling up the DagBag from /opt/airflow/dags/orchestrate.py","logger":"airflow.dag_processing.dagbag.BundleDagBag","filename":"dagbag.py","lineno":460}
{"timestamp":"2026-10-03T11:07:41.747242Z","level":"warning","event":"The `airflow.operators.bash.BashOperator` attribute is deprecated. Please use `'airflow.providers.standard.operators.bash.BashOperator'`.","category":"UserWarning","filename":"/opt/airflow/dags/orchestrate.py","lineno":3,"logger":"py.warnings"}
{"timestamp":"2026-10-03T11:08:12.118578Z","level":"info","event":"Filling up the DagBag from /opt/airflow/dags/orchestrate.py","logger":"airflow.dag_processing.dagbag.BundleDagBag","filename":"dagbag.py","lineno":460}
{"timestamp":"2026-10-03T11:08:12.973078Z","level":"warning","event":"The `airflow.operators.bash.BashOperator` attribute is deprecated. Please use `'airflow.providers.standard.operators.bash.BashOperator'`.","category":"UserWarning","filename":"/opt/airflow/dags/orchestrate.py","lineno":3,"logger":"py.warnings"}
{"timestamp":"2026-10-03T11:08:43.344313Z","level":"info","event":"Filling up the DagBag from /opt/airflow/dags/orchestrate.py","logger":"airflow.dag_processing.dagbag.BundleDagBag","filename":"dagbag.py","lineno":460}
{"timestamp":"2026-10-03T11:08:44.169272Z","level":"warning","event":"The `airflow.operators.bash.BashOperator` attribute is deprecated. Please use `'airflow.providers.standard.operators.bash.BashOperator'`.","category":"UserWarning","filename":"/opt/airflow/dags/orchestrate.py","lineno":3,"logger":"py.warnings"}
{"timestamp":"2026-10-03T11:09:14.568183Z","level":"info","event":"Filling up the DagBag from /opt/airflow/dags/orchestrate.py","logger":"airflow.dag_processing.dagbag.BundleDagBag","filename":"dagbag.py","lineno":460}
{"timestamp":"2026-10-03T11:09:15.401099Z","level":"warning","event":"The `airflow.operators.bash.BashOperator` attribute is deprecated. Please use `'airflow.providers.standard.operators.bash.BashOperator'`.","category":"UserWarning","filename":"/opt/airflow/dags/orchestrate.py","lineno":3,"logger":"py.warnings"}
{"timestamp":"2026-10-03T11:09:45.780133Z","level":"info","event":"Filling up the DagBag from /opt/airflow/dags/orchestrate.py","logger":"airflow.dag_processing.dagbag.BundleDagBag","filename":"dagbag.py","lineno":460}
{"timestamp":"2026-10-03T11:09:46.594880Z","level":"warning","event":"The `airflow.operators.bash.BashOperator` attribute is deprecated. Please use `'airflow.providers.standard.operators.bash.BashOperator'`.","category":"UserWarning","filename":"/opt/airflow/dags/orchestrate.py","lineno":3,"logger":"py.warnings"}
{"timestamp":"2026-10-03T11:10:16.995750Z","level":"info","event":"Filling up the DagBag from /opt/airflow/dags/orchestrate.py","logger":"airflow.dag_processing.dagbag.BundleDagBag","filename":"dagbag.py","lineno":460}
{"timestamp":"2026-10-03T11:10:17.821929Z","level":"warning","event":"The `airflow.operators.bash.BashOperator` attribute is deprecated. Please use `'airflow.providers.standard.operators.bash.BashOperator'`.","category":"UserWarning","filename":"/opt/airflow/dags/orchestrate.py","lineno":3,"logger":"py.warnings"}
{"timestamp":"2026-10-03T11:10:48.205588Z","level":"info","event":"Filling up the DagBag from /opt/airflow/dags/orchestrate.py","logger":"airflow.dag_processing.dagbag.BundleDagBag","filename":"dagbag.py","lineno":460}
{"timestamp":"2026-10-03T11:10:49.010700Z","level":"warning","event":"The `airflow.operators.bash.BashOperator` attribute is deprecated. Please use `'airflow.providers.standard.operators.bash.BashOperator'`.","category":"UserWarning","filename":"/opt/airflow/dags/orchestrate.py","lineno":3,"logger":"py.warnings"}
{"timestamp":"2026-10-03T11:11:19.377386Z","level":"info","event":"Filling up the DagBag from /opt/airflow/dags/orchestrate.py","logger":"airflow.dag_processing.dagbag.BundleDagBag","filename":"dagbag.py","lineno":460}
{"timestamp":"2026-10-03T11:11:20.167366Z","level":"warning","event":"The `airflow.operators.bash.BashOperator` attribute is deprecated. Please use `'airflow.providers.standard.operators.bash.BashOperator'`.","category":"UserWarning","filename":"/opt/airflow/dags/orchestrate.py","lineno":3,"logger":"py.warnings"}
{"timestamp":"2026-10-03T11:11:50.534032Z","level":"info","event":"Filling up the DagBag from /opt/airflow/dags/orchestrate.py","logger":"airflow.dag_processing.dagbag.BundleDagBag","filename":"dagbag.py","lineno":460}
{"timestamp":"2026-10-03T11:11:51.358433Z","level":"warning","event":"The `airflow.operators.bash.BashOperator` attribute is deprecated. Please use `'airflow.providers.standard.operators.bash.BashOperator'`.","category":"UserWarning","filename":"/opt/airflow/dags/orchestrate.py","lineno":3,"logger":"py.warnings"}
{"timestamp":"2026-10-03T11:12:21.746057Z","level":"info","event":"Filling up the DagBag from /opt/airflow/dags/orchestrate.py","logger":"airflow.dag_processing.dagbag.BundleDagBag","filename":"dagbag.py","lineno":460}
{"timestamp":"2026-10-03T11:12:22.540296Z","level":"warning","event":"The `airflow.operators.bash.BashOperator` attribute is deprecated. Please use `'airflow.providers.standard.operators.bash.BashOperator'`.","category":"UserWarning","filename":"/opt/airflow/dags/orchestrate.py","lineno":3,"logger":"py.warnings"}
{"timestamp":"2026-10-03T11:12:52.938187Z","level":"info","event":"Filling up the DagBag from /opt/airflow/dags/orchestrate.py","logger":"airflow.dag_processing.dagbag.BundleDagBag","filename":"dagbag.py","lineno":460}
{"timestamp":"2026-10-03T11:12:53.723870Z","level":"warning","event":"The `airflow.operators.bash.BashOperator` attribute is deprecated. Please use `'airflow.providers.standard.operators.bash.BashOperator'`.","category":"UserWarning","filename":"/opt/airflow/dags/orchestrate.py","lineno":3,"logger":"py.warnings"}
{"timestamp":"2026-10-03T11:13:24.153925Z","level":"info","event":"Filling up the DagBag from /opt/airflow/dags/orchestrate.py","logger":"airflow.dag_processing.dagbag.BundleDagBag","filename":"dagbag.py","lineno":460}
{"timestamp":"2026-10-03T11:13:24.965861Z","level":"warning","event":"The `airflow.operators.bash.BashOperator` attribute is deprecated. Please use `'airflow.providers.standard.operators.bash.BashOperator'`.","category":"UserWarning","filename":"/opt/airflow/dags/orchestrate.py","lineno":3,"logger":"py.warnings"}
{"timestamp":"2026-10-03T11:13:55.355638Z","level":"info","event":"Filling up the DagBag from /opt/airflow/dags/orchestrate.py","logger":"airflow.dag_processing.dagbag.BundleDagBag","filename":"dagbag.py","lineno":460}
{"timestamp":"2026-10-03T11:13:56.142600Z","level":"warning","event":"The `airflow.operators.bash.BashOperator` attribute is deprecated. Please use `'airflow.providers.standard.operators.bash.BashOperator'`.","category":"UserWarning","filename":"/opt/airflow/dags/orchestrate.py","lineno":3,"logger":"py.warnings"}
{"timestamp":"2026-10-03T11:14:26.535429Z","level":"info","event":"Filling up the DagBag from /opt/airflow/dags/orchestrate.py","logger":"airflow.dag_processing.dagbag.BundleDagBag","filename":"dagbag.py","lineno":460}
{"timestamp":"2026-10-03T11:14:27.364881Z","level":"warning","event":"The `airflow.operators.bash.BashOperator` attribute is deprecated. Please use `'airflow.providers.standard.operators.bash.BashOperator'`.","category":"UserWarning","filename":"/opt/airflow/dags/orchestrate.py","lineno":3,"logger":"py.warnings"}
{"timestamp":"2026-10-03T11:14:57.761625Z","level":"info","event":"Filling up the DagBag from /opt/airflow/dags/orchestrate.py","logger":"airflow.dag_processing.dagbag.BundleDagBag","filename":"dagbag.py","lineno":460}
{"timestamp":"2026-10-03T11:14:58.550767Z","level":"warning","event":"The `airflow.operators.bash.BashOperator` attribute is deprecated. Please use `'airflow.providers.standard.operators.bash.BashOperator'`.","category":"UserWarning","filename":"/opt/airflow/dags/orchestrate.py","lineno":3,"logger":"py.warnings"}
{"timestamp":"2026-10-03T11:15:28.923272Z","level":"info","event":"Filling up the DagBag from /opt/airflow/dags/orchestrate.py","logger":"airflow.dag_processing.dagbag.BundleDagBag","filename":"dagbag.py","lineno":460}
{"timestamp":"2026-10-03T11:15:29.698567Z","level":"warning","event":"The `airflow.operators.bash.BashOperator` attribute is deprecated. Please use `'airflow.providers.standard.operators.bash.BashOperator'`.","category":"UserWarning","filename":"/opt/airflow/dags/orchestrate.py","lineno":3,"logger":"py.warnings"}
{"timestamp":"2026-10-03T11:16:00.113869Z","level":"info","event":"Filling up the DagBag from /opt/airflow/dags/orchestrate.py","logger":"airflow.dag_processing.dagbag.BundleDagBag","filename":"dagbag.py","lineno":460}
{"timestamp":"2026-10-03T11:16:00.955801Z","level":"warning","event":"The `airflow.operators.bash.BashOperator` attribute is deprecated. Please use `'airflow.providers.standard.operators.bash.BashOperator'`.","category":"UserWarning","filename":"/opt/airflow/dags/orchestrate.py","lineno":3,"logger":"py.warnings"}
{"timestamp":"2026-10-03T11:16:31.314030Z","level":"info","event":"Filling up the DagBag from /opt/airflow/dags/orchestrate.py","logger":"airflow.dag_processing.dagbag.BundleDagBag","filename":"dagbag.py","lineno":460}
{"timestamp":"2026-10-03T11:16:32.159485Z","level":"warning","event":"The `airflow.operators.bash.BashOperator` attribute is deprecated. Please use `'airflow.providers.standard.operators.bash.BashOperator'`.","category":"UserWarning","filename":"/opt/airflow/dags/orchestrate.py","lineno":3,"logger":"py.warnings"}
{"timestamp":"2026-10-03T11:17:02.516208Z","level":"info","event":"Filling up the DagBag from /opt/airflow/dags/orchestrate.py","logger":"airflow.dag_processing.dagbag.BundleDagBag","filename":"dagbag.py","lineno":460}
{"timestamp":"2026-10-03T11:17:03.272732Z","level":"warning","event":"The `airflow.operators.bash.BashOperator` attribute is deprecated. Please use `'airflow.providers.standard.operators.bash.BashOperator'`.","category":"UserWarning","filename":"/opt/airflow/dags/orchestrate.py","lineno":3,"logger":"py.warnings"}
{"timestamp":"2026-10-03T11:17:33.622114Z","level":"info","event":"Filling up the DagBag from /opt/airflow/dags/orchestrate.py","logger":"airflow.dag_processing.dagbag.BundleDagBag","filename":"dagbag.py","lineno":460}
{"timestamp":"2026-10-03T11:17:34.393460Z","level":"warning","event":"The `airflow.operators.bash.BashOperator` attribute is deprecated. Please use `'airflow.providers.standard.operators.bash.BashOperator'`.","category":"UserWarning","filename":"/opt/airflow/dags/orchestrate.py","lineno":3,"logger":"py.warnings"}
{"timestamp":"2026-10-03T11:18:04.773675Z","level":"info","event":"Filling up the DagBag from /opt/airflow/dags/orchestrate.py","logger":"airflow.dag_processing.dagbag.BundleDagBag","filename":"dagbag.py","lineno":460}
{"timestamp":"2026-10-03T11:18:05.566973Z","level":"warning","event":"The `airflow.operators.bash.BashOperator` attribute is deprecated. Please use `'airflow.providers.standard.operators.bash.BashOperator'`.","category":"UserWarning","filename":"/opt/airflow/dags/orchestrate.py","lineno":3,"logger":"py.warnings"}
{"timestamp":"2026-10-03T11:18:35.951622Z","level":"info","event":"Filling up the DagBag from /opt/airflow/dags/orchestrate.py","logger":"airflow.dag_processing.dagbag.BundleDagBag","filename":"dagbag.py","lineno":460}
{"timestamp":"2026-10-03T11:18:36.717786Z","level":"warning","event":"The `airflow.operators.bash.BashOperator` attribute is deprecated. Please use `'airflow.providers.standard.operators.bash.BashOperator'`.","category":"UserWarning","filename":"/opt/airflow/dags/orchestrate.py","lineno":3,"logger":"py.warnings"}
{"timestamp":"2026-10-03T11:19:07.092585Z","level":"info","event":"Filling up the DagBag from /opt/airflow/dags/orchestrate.py","logger":"airflow.dag_processing.dagbag.BundleDagBag","filename":"dagbag.py","lineno":460}
{"timestamp":"2026-10-03T11:19:07.930958Z","level":"warning","event":"The `airflow.operators.bash.BashOperator` attribute is deprecated. Please use `'airflow.providers.standard.operators.bash.BashOperator'`.","category":"UserWarning","filename":"/opt/airflow/dags/orchestrate.py","lineno":3,"logger":"py.warnings"}
{"timestamp":"2026-10-03T11:19:38.304302Z","level":"info","event":"Filling up the DagBag from /opt/airflow/dags/orchestrate.py","logger":"airflow.dag_processing.dagbag.BundleDagBag","filename":"dagbag.py","lineno":460}
{"timestamp":"2026-10-03T11:19:39.155657Z","level":"warning","event":"The `airflow.operators.bash.BashOperator` attribute is deprecated. Please use `'airflow.providers.standard.operators.bash.BashOperator'`.","category":"UserWarning","filename":"/opt/airflow/dags/orchestrate.py","lineno":3,"logger":"py.warnings"}
{"timestamp":"2026-10-03T11:20:09.543506Z","level":"info","event":"Filling up the DagBag from /opt/airflow/dags/orchestrate.py","logger":"airflow.dag_processing.dagbag.BundleDagBag","filename":"dagbag.py","lineno":460}
{"timestamp":"2026-10-03T11:20:10.311566Z","level":"warning","event":"The `airflow.operators.bash.BashOperator` attribute is deprecated. Please use `'airflow.providers.standard.operators.bash.BashOperator'`.","category":"UserWarning","filename":"/opt/airflow/dags/orchestrate.py","lineno":3,"logger":"py.warnings"}
{"timestamp":"2026-10-03T11:20:40.692867Z","level":"info","event":"Filling up the DagBag from /opt/airflow/dags/orchestrate.py","logger":"airflow.dag_processing.dagbag.BundleDagBag","filename":"dagbag.py","lineno":460}
{"timestamp":"2026-10-03T11:20:41.510366Z","level":"warning","event":"The `airflow.operators.bash.BashOperator` attribute is deprecated. Please use `'airflow.providers.standard.operators.bash.BashOperator'`.","category":"UserWarning","filename":"/opt/airflow/dags/orchestrate.py","lineno":3,"logger":"py.warnings"}
{"timestamp":"2026-10-03T11:21:11.902250Z","level":"info","event":"Filling up the DagBag from /opt/airflow/dags/orchestrate.py","logger":"airflow.dag_processing.dagbag.BundleDagBag","filename":"dagbag.py","lineno":460}
{"timestamp":"2026-10-03T11:21:13.009872Z","level":"warning","event":"The `airflow.operators.bash.BashOperator` attribute is deprecated. Please use `'airflow.providers.standard.operators.bash.BashOperator'`.","category":"UserWarning","filename":"/opt/airflow/dags/orchestrate.py","lineno":3,"logger":"py.warnings"}
{"timestamp":"2026-10-03T11:21:38.344796Z","level":"info","event":"Filling up the DagBag from /opt/airflow/dags/orchestrate.py","logger":"airflow.dag_processing.dagbag.BundleDagBag","filename":"dagbag.py","lineno":460}
{"timestamp":"2026-10-03T11:21:39.742590Z","level":"warning","event":"The `airflow.operators.bash.BashOperator` attribute is deprecated. Please use `'airflow.providers.standard.operators.bash.BashOperator'`.","category":"UserWarning","filename":"/opt/airflow/dags/orchestrate.py","lineno":3,"logger":"py.warnings"}
{"timestamp":"2026-10-03T11:22:10.163291Z","level":"info","event":"Filling up the DagBag from /opt/airflow/dags/orchestrate.py","logger":"airflow.dag_processing.dagbag.BundleDagBag","filename":"dagbag.py","lineno":460}
{"timestamp":"2026-10-03T11:22:11.024926Z","level":"warning","event":"The `airflow.operators.bash.BashOperator` attribute is deprecated. Please use `'airflow.providers.standard.operators.bash.BashOperator'`.","category":"UserWarning","filename":"/opt/airflow/dags/orchestrate.py","lineno":3,"logger":"py.warnings"}
{"timestamp":"2026-10-03T11:22:41.402907Z","level":"info","event":"Filling up the DagBag from /opt/airflow/dags/orchestrate.py","logger":"airflow.dag_processing.dagbag.BundleDagBag","filename":"dagbag.py","lineno":460}
{"timestamp":"2026-10-03T11:22:42.245206Z","level":"warning","event":"The `airflow.operators.bash.BashOperator` attribute is deprecated. Please use `'airflow.providers.standard.operators.bash.BashOperator'`.","category":"UserWarning","filename":"/opt/airflow/dags/orchestrate.py","lineno":3,"logger":"py.warnings"}
{"timestamp":"2026-10-03T11:23:12.605371Z","level":"info","event":"Filling up the DagBag from /opt/airflow/dags/orchestrate.py","logger":"airflow.dag_processing.dagbag.BundleDagBag","filename":"dagbag.py","lineno":460}
{"timestamp":"2026-10-03T11:23:13.472133Z","level":"warning","event":"The `airflow.operators.bash.BashOperator` attribute is deprecated. Please use `'airflow.providers.standard.operators.bash.BashOperator'`.","category":"UserWarning","filename":"/opt/airflow/dags/orchestrate.py","lineno":3,"logger":"py.warnings"}
{"timestamp":"2026-10-03T11:23:43.846520Z","level":"info","event":"Filling up the DagBag from /opt/airflow/dags/orchestrate.py","logger":"airflow.dag_processing.dagbag.BundleDagBag","filename":"dagbag.py","lineno":460}
{"timestamp":"2026-10-03T11:23:44.614455Z","level":"warning","event":"The `airflow.operators.bash.BashOperator` attribute is deprecated. Please use `'airflow.providers.standard.operators.bash.BashOperator'`.","category":"UserWarning","filename":"/opt/airflow/dags/orchestrate.py","lineno":3,"logger":"py.warnings"}
{"timestamp":"2026-10-03T11:24:14.969742Z","level":"info","event":"Filling up the DagBag from /opt/airflow/dags/orchestrate.py","logger":"airflow.dag_processing.dagbag.BundleDagBag","filename":"dagbag.py","lineno":460}
{"timestamp":"2026-10-03T11:24:15.715140Z","level":"warning","event":"The `airflow.operators.bash.BashOperator` attribute is deprecated. Please use `'airflow.providers.standard.operators.bash.BashOperator'`.","category":"UserWarning","filename":"/opt/airflow/dags/orchestrate.py","lineno":3,"logger":"py.warnings"}
{"timestamp":"2026-10-03T11:24:46.049100Z","level":"info","event":"Filling up the DagBag from /opt/airflow/dags/orchestrate.py","logger":"airflow.dag_processing.dagbag.BundleDagBag","filename":"dagbag.py","lineno":460}
{"timestamp":"2026-10-03T11:24:46.798436Z","level":"warning","event":"The `airflow.operators.bash.BashOperator` attribute is deprecated. Please use `'airflow.providers.standard.operators.bash.BashOperator'`.","category":"UserWarning","filename":"/opt/airflow/dags/orchestrate.py","lineno":3,"logger":"py.warnings"}
{"timestamp":"2026-10-03T11:25:17.187347Z","level":"info","event":"Filling up the DagBag from /opt/airflow/dags/orchestrate.py","logger":"airflow.dag_processing.dagbag.BundleDagBag","filename":"dagbag.py","lineno":460}
{"timestamp":"2026-10-03T11:25:19.030534Z","level":"warning","event":"The `airflow.operators.bash.BashOperator` attribute is deprecated. Please use `'airflow.providers.standard.operators.bash.BashOperator'`.","category":"UserWarning","filename":"/opt/airflow/dags/orchestrate.py","lineno":3,"logger":"py.warnings"}
{"timestamp":"2026-10-03T11:25:49.499983Z","level":"info","event":"Filling up the DagBag from /opt/airflow/dags/orchestrate.py","logger":"airflow.dag_processing.dagbag.BundleDagBag","filename":"dagbag.py","lineno":460}
{"timestamp":"2026-10-03T11:25:50.544736Z","level":"warning","event":"The `airflow.operators.bash.BashOperator` attribute is deprecated. Please use `'airflow.providers.standard.operators.bash.BashOperator'`.","category":"UserWarning","filename":"/opt/airflow/dags/orchestrate.py","lineno":3,"logger":"py.warnings"}
{"timestamp":"2026-10-03T11:26:20.962722Z","level":"info","event":"Filling up the DagBag from /opt/airflow/dags/orchestrate.py","logger":"airflow.dag_processing.dagbag.BundleDagBag","filename":"dagbag.py","lineno":460}
{"timestamp":"2026-10-03T11:26:21.702032Z","level":"warning","event":"The `airflow.operators.bash.BashOperator` attribute is deprecated. Please use `'airflow.providers.standard.operators.bash.BashOperator'`.","category":"UserWarning","filename":"/opt/airflow/dags/orchestrate.py","lineno":3,"logger":"py.warnings"}
{"timestamp":"2026-10-03T11:26:52.121835Z","level":"info","event":"Filling up the DagBag from /opt/airflow/dags/orchestrate.py","logger":"airflow.dag_processing.dagbag.BundleDagBag","filename":"dagbag.py","lineno":460}
{"timestamp":"2026-10-03T11:26:53.047831Z","level":"warning","event":"The `airflow.operators.bash.BashOperator` attribute is deprecated. Please use `'airflow.providers.standard.operators.bash.BashOperator'`.","category":"UserWarning","filename":"/opt/airflow/dags/orchestrate.py","lineno":3,"logger":"py.warnings"}
{"timestamp":"2026-10-03T11:27:23.433024Z","level":"info","event":"Filling up the DagBag from /opt/airflow/dags/orchestrate.py","logger":"airflow.dag_processing.dagbag.BundleDagBag","filename":"dagbag.py","lineno":460}
{"timestamp":"2026-10-03T11:27:24.253481Z","level":"warning","event":"The `airflow.operators.bash.BashOperator` attribute is deprecated. Please use `'airflow.providers.standard.operators.bash.BashOperator'`.","category":"UserWarning","filename":"/opt/airflow/dags/orchestrate.py","lineno":3,"logger":"py.warnings"}
{"timestamp":"2026-10-03T11:27:54.634775Z","level":"info","event":"Filling up the DagBag from /opt/airflow/dags/orchestrate.py","logger":"airflow.dag_processing.dagbag.BundleDagBag","filename":"dagbag.py","lineno":460}
{"timestamp":"2026-10-03T11:27:55.393373Z","level":"warning","event":"The `airflow.operators.bash.BashOperator` attribute is deprecated. Please use `'airflow.providers.standard.operators.bash.BashOperator'`.","category":"UserWarning","filename":"/opt/airflow/dags/orchestrate.py","lineno":3,"logger":"py.warnings"}
{"timestamp":"2026-10-03T11:28:25.794680Z","level":"info","event":"Filling up the DagBag from /opt/airflow/dags/orchestrate.py","logger":"airflow.dag_processing.dagbag.BundleDagBag","filename":"dagbag.py","lineno":460}
{"timestamp":"2026-10-03T11:28:26.642826Z","level":"warning","event":"The `airflow.operators.bash.BashOperator` attribute is deprecated. Please use `'airflow.providers.standard.operators.bash.BashOperator'`.","category":"UserWarning","filename":"/opt/airflow/dags/orchestrate.py","lineno":3,"logger":"py.warnings"}
{"timestamp":"2026-10-03T11:28:57.023301Z","level":"info","event":"Filling up the DagBag from /opt/airflow/dags/orchestrate.py","logger":"airflow.dag_processing.dagbag.BundleDagBag","filename":"dagbag.py","lineno":460}
{"timestamp":"2026-10-03T11:28:57.754619Z","level":"warning","event":"The `airflow.operators.bash.BashOperator` attribute is deprecated. Please use `'airflow.providers.standard.operators.bash.BashOperator'`.","category":"UserWarning","filename":"/opt/airflow/dags/orchestrate.py","lineno":3,"logger":"py.warnings"}
{"timestamp":"2026-10-03T11:29:28.109699Z","level":"info","event":"Filling up the DagBag from /opt/airflow/dags/orchestrate.py","logger":"airflow.dag_processing.dagbag.BundleDagBag","filename":"dagbag.py","lineno":460}
{"timestamp":"2026-10-03T11:29:28.915968Z","level":"warning","event":"The `airflow.operators.bash.BashOperator` attribute is deprecated. Please use `'airflow.providers.standard.operators.bash.BashOperator'`.","category":"UserWarning","filename":"/opt/airflow/dags/orchestrate.py","lineno":3,"logger":"py.warnings"}
{"timestamp":"2026-10-03T11:29:59.333531Z","level":"info","event":"Filling up the DagBag from /opt/airflow/dags/orchestrate.py","logger":"airflow.dag_processing.dagbag.BundleDagBag","filename":"dagbag.py","lineno":460}
{"timestamp":"2026-10-03T11:30:00.453381Z","level":"warning","event":"The `airflow.operators.bash.BashOperator` attribute is deprecated. Please use `'airflow.providers.standard.operators.bash.BashOperator'`.","category":"UserWarning","filename":"/opt/airflow/dags/orchestrate.py","lineno":3,"logger":"py.warnings"}
{"timestamp":"2026-10-03T11:30:30.890485Z","level":"info","event":"Filling up the DagBag from /opt/airflow/dags/orchestrate.py","logger":"airflow.dag_processing.dagbag.BundleDagBag","filename":"dagbag.py","lineno":460}
{"timestamp":"2026-10-03T11:30:32.011848Z","level":"warning","event":"The `airflow.operators.bash.BashOperator` attribute is deprecated. Please use `'airflow.providers.standard.operators.bash.BashOperator'`.","category":"UserWarning","filename":"/opt/airflow/dags/orchestrate.py","lineno":3,"logger":"py.warnings"}
{"timestamp":"2026-10-03T11:31:02.412006Z","level":"info","event":"Filling up the DagBag from /opt/airflow/dags/orchestrate.py","logger":"airflow.dag_processing.dagbag.BundleDagBag","filename":"dagbag.py","lineno":460}
{"timestamp":"2026-10-03T11:31:03.244385Z","level":"warning","event":"The `airflow.operators.bash.BashOperator` attribute is deprecated. Please use `'airflow.providers.standard.operators.bash.BashOperator'`.","category":"UserWarning","filename":"/opt/airflow/dags/orchestrate.py","lineno":3,"logger":"py.warnings"}
{"timestamp":"2026-10-03T11:31:33.626504Z","level":"info","event":"Filling up the DagBag from /opt/airflow/dags/orchestrate.py","logger":"airflow.dag_processing.dagbag.BundleDagBag","filename":"dagbag.py","lineno":460}
{"timestamp":"2026-10-03T11:31:34.436754Z","level":"warning","event":"The `airflow.operators.bash.BashOperator` attribute is deprecated. Please use `'airflow.providers.standard.operators.bash.BashOperator'`.","category":"UserWarning","filename":"/opt/airflow/dags/orchestrate.py","lineno":3,"logger":"py.warnings"}
{"timestamp":"2026-10-03T11:32:04.818302Z","level":"info","event":"Filling up the DagBag from /opt/airflow/dags/orchestrate.py","logger":"airflow.dag_processing.dagbag.BundleDagBag","filename":"dagbag.py","lineno":460}
{"timestamp":"2026-10-03T11:32:05.589122Z","level":"warning","event":"The `airflow.operators.bash.BashOperator` attribute is deprecated. Please use `'airflow.providers.standard.operators.bash.BashOperator'`.","category":"UserWarning","filename":"/opt/airflow/dags/orchestrate.py","lineno":3,"logger":"py.warnings"}
{"timestamp":"2026-10-03T11:32:35.973393Z","level":"info","event":"Filling up the DagBag from /opt/airflow/dags/orchestrate.py","logger":"airflow.dag_processing.dagbag.BundleDagBag","filename":"dagbag.py","lineno":460}
{"timestamp":"2026-10-03T11:32:36.733690Z","level":"warning","event":"The `airflow.operators.bash.BashOperator` attribute is deprecated. Please use `'airflow.providers.standard.operators.bash.BashOperator'`.","category":"UserWarning","filename":"/opt/airflow/dags/orchestrate.py","lineno":3,"logger":"py.warnings"}
{"timestamp":"2026-10-03T11:33:07.125179Z","level":"info","event":"Filling up the DagBag from /opt/airflow/dags/orchestrate.py","logger":"airflow.dag_processing.dagbag.BundleDagBag","filename":"dagbag.py","lineno":460}
{"timestamp":"2026-10-03T11:33:07.905913Z","level":"warning","event":"The `airflow.operators.bash.BashOperator` attribute is deprecated. Please use `'airflow.providers.standard.operators.bash.BashOperator'`.","category":"UserWarning","filename":"/opt/airflow/dags/orchestrate.py","lineno":3,"logger":"py.warnings"}
{"timestamp":"2026-10-03T11:33:38.320210Z","level":"info","event":"Filling up the DagBag from /opt/airflow/dags/orchestrate.py","logger":"airflow.dag_processing.dagbag.BundleDagBag","filename":"dagbag.py","lineno":460}
{"timestamp":"2026-10-03T11:33:39.138135Z","level":"warning","event":"The `airflow.operators.bash.BashOperator` attribute is deprecated. Please use `'airflow.providers.standard.operators.bash.BashOperator'`.","category":"UserWarning","filename":"/opt/airflow/dags/orchestrate.py","lineno":3,"logger":"py.warnings"}
{"timestamp":"2026-10-03T11:34:09.485081Z","level":"info","event":"Filling up the DagBag from /opt/airflow/dags/orchestrate.py","logger":"airflow.dag_processing.dagbag.BundleDagBag","filename":"dagbag.py","lineno":460}
{"timestamp":"2026-10-03T11:34:10.282439Z","level":"warning","event":"The `airflow.operators.bash.BashOperator` attribute is deprecated. Please use `'airflow.providers.standard.operators.bash.BashOperator'`.","category":"UserWarning","filename":"/opt/airflow/dags/orchestrate.py","lineno":3,"logger":"py.warnings"}
{"timestamp":"2026-10-03T11:34:40.648289Z","level":"info","event":"Filling up the DagBag from /opt/airflow/dags/orchestrate.py","logger":"airflow.dag_processing.dagbag.BundleDagBag","filename":"dagbag.py","lineno":460}
{"timestamp":"2026-10-03T11:34:41.480277Z","level":"warning","event":"The `airflow.operators.bash.BashOperator` attribute is deprecated. Please use `'airflow.providers.standard.operators.bash.BashOperator'`.","category":"UserWarning","filename":"/opt/airflow/dags/orchestrate.py","lineno":3,"logger":"py.warnings"}
{"timestamp":"2026-10-03T11:35:11.909344Z","level":"info","event":"Filling up the DagBag from /opt/airflow/dags/orchestrate.py","logger":"airflow.dag_processing.dagbag.BundleDagBag","filename":"dagbag.py","lineno":460}
{"timestamp":"2026-10-03T11:35:12.763807Z","level":"warning","event":"The `airflow.operators.bash.BashOperator` attribute is deprecated. Please use `'airflow.providers.standard.operators.bash.BashOperator'`.","category":"UserWarning","filename":"/opt/airflow/dags/orchestrate.py","lineno":3,"logger":"py.warnings"}
{"timestamp":"2026-10-03T11:35:43.244016Z","level":"info","event":"Filling up the DagBag from /opt/airflow/dags/orchestrate.py","logger":"airflow.dag_processing.dagbag.BundleDagBag","filename":"dagbag.py","lineno":460}
{"timestamp":"2026-10-03T11:35:43.998756Z","level":"warning","event":"The `airflow.operators.bash.BashOperator` attribute is deprecated. Please use `'airflow.providers.standard.operators.bash.BashOperator'`.","category":"UserWarning","filename":"/opt/airflow/dags/orchestrate.py","lineno":3,"logger":"py.warnings"}
{"timestamp":"2026-10-03T11:35:59.280478Z","level":"info","event":"Filling up the DagBag from /opt/airflow/dags/orchestrate.py","logger":"airflow.dag_processing.dagbag.BundleDagBag","filename":"dagbag.py","lineno":460}
{"timestamp":"2026-10-03T11:36:00.163752Z","level":"error","event":"Failed to import: /opt/airflow/dags/orchestrate.py","logger":"airflow.dag_processing.importers.python_importer","filename":"python_importer.py","lineno":244,"error_detail":[{"exc_type":"AttributeError","exc_value":"'_TaskDecorator' object has no attribute 'update_relative'","exc_notes":[],"syntax_error":null,"is_cause":false,"frames":[{"filename":"/home/airflow/.local/lib/python3.13/site-packages/airflow/dag_processing/importers/python_importer.py","lineno":238,"name":"parse"},{"filename":"<frozen importlib._bootstrap_external>","lineno":1023,"name":"exec_module"},{"filename":"<frozen importlib._bootstrap>","lineno":488,"name":"_call_with_frames_removed"},{"filename":"/opt/airflow/dags/orchestrate.py","lineno":65,"name":"<module>"},{"filename":"/home/airflow/.local/lib/python3.13/site-packages/airflow/sdk/definitions/dag.py","lineno":1696,"name":"factory"},{"filename":"/opt/airflow/dags/orchestrate.py","lineno":63,"name":"orchestrate"},{"filename":"/home/airflow/.local/lib/python3.13/site-packages/airflow/sdk/definitions/_internal/mixins.py","lineno":99,"name":"__rshift__"},{"filename":"/home/airflow/.local/lib/python3.13/site-packages/airflow/sdk/definitions/xcom_arg.py","lineno":157,"name":"set_downstream"},{"filename":"/home/airflow/.local/lib/python3.13/site-packages/airflow/sdk/definitions/_internal/node.py","lineno":150,"name":"set_downstream"},{"filename":"/home/airflow/.local/lib/python3.13/site-packages/airflow/sdk/definitions/_internal/node.py","lineno":102,"name":"_set_relatives"}],"is_group":false,"exceptions":[]}]}
{"timestamp":"2026-10-03T11:36:00.166769Z","level":"error","event":"Error loading DAG from orchestrate.py: '_TaskDecorator' object has no attribute 'update_relative'","logger":"airflow.dag_processing.dagbag.BundleDagBag","filename":"dagbag.py","lineno":319}
{"timestamp":"2026-10-03T11:36:00.167075Z","level":"warning","event":"The `airflow.operators.bash.BashOperator` attribute is deprecated. Please use `'airflow.providers.standard.operators.bash.BashOperator'`.","category":"UserWarning","filename":"/opt/airflow/dags/orchestrate.py","lineno":3,"logger":"py.warnings"}
{"timestamp":"2026-10-03T11:36:20.489716Z","level":"info","event":"Filling up the DagBag from /opt/airflow/dags/orchestrate.py","logger":"airflow.dag_processing.dagbag.BundleDagBag","filename":"dagbag.py","lineno":460}
{"timestamp":"2026-10-03T11:36:21.344567Z","level":"warning","event":"The `airflow.operators.bash.BashOperator` attribute is deprecated. Please use `'airflow.providers.standard.operators.bash.BashOperator'`.","category":"UserWarning","filename":"/opt/airflow/dags/orchestrate.py","lineno":3,"logger":"py.warnings"}
{"timestamp":"2026-10-03T11:36:51.956904Z","level":"info","event":"Filling up the DagBag from /opt/airflow/dags/orchestrate.py","logger":"airflow.dag_processing.dagbag.BundleDagBag","filename":"dagbag.py","lineno":460}
{"timestamp":"2026-10-03T11:36:52.780791Z","level":"warning","event":"The `airflow.operators.bash.BashOperator` attribute is deprecated. Please use `'airflow.providers.standard.operators.bash.BashOperator'`.","category":"UserWarning","filename":"/opt/airflow/dags/orchestrate.py","lineno":3,"logger":"py.warnings"}
{"timestamp":"2026-10-03T11:37:23.274294Z","level":"info","event":"Filling up the DagBag from /opt/airflow/dags/orchestrate.py","logger":"airflow.dag_processing.dagbag.BundleDagBag","filename":"dagbag.py","lineno":460}
{"timestamp":"2026-10-03T11:37:24.183045Z","level":"warning","event":"The `airflow.operators.bash.BashOperator` attribute is deprecated. Please use `'airflow.providers.standard.operators.bash.BashOperator'`.","category":"UserWarning","filename":"/opt/airflow/dags/orchestrate.py","lineno":3,"logger":"py.warnings"}
{"timestamp":"2026-10-03T11:37:54.588165Z","level":"info","event":"Filling up the DagBag from /opt/airflow/dags/orchestrate.py","logger":"airflow.dag_processing.dagbag.BundleDagBag","filename":"dagbag.py","lineno":460}
{"timestamp":"2026-10-03T11:37:55.493185Z","level":"warning","event":"The `airflow.operators.bash.BashOperator` attribute is deprecated. Please use `'airflow.providers.standard.operators.bash.BashOperator'`.","category":"UserWarning","filename":"/opt/airflow/dags/orchestrate.py","lineno":3,"logger":"py.warnings"}
{"timestamp":"2026-10-03T11:38:25.873129Z","level":"info","event":"Filling up the DagBag from /opt/airflow/dags/orchestrate.py","logger":"airflow.dag_processing.dagbag.BundleDagBag","filename":"dagbag.py","lineno":460}
{"timestamp":"2026-10-03T11:38:26.717142Z","level":"warning","event":"The `airflow.operators.bash.BashOperator` attribute is deprecated. Please use `'airflow.providers.standard.operators.bash.BashOperator'`.","category":"UserWarning","filename":"/opt/airflow/dags/orchestrate.py","lineno":3,"logger":"py.warnings"}
{"timestamp":"2026-10-03T11:38:57.162700Z","level":"info","event":"Filling up the DagBag from /opt/airflow/dags/orchestrate.py","logger":"airflow.dag_processing.dagbag.BundleDagBag","filename":"dagbag.py","lineno":460}
{"timestamp":"2026-10-03T11:38:58.020051Z","level":"warning","event":"The `airflow.operators.bash.BashOperator` attribute is deprecated. Please use `'airflow.providers.standard.operators.bash.BashOperator'`.","category":"UserWarning","filename":"/opt/airflow/dags/orchestrate.py","lineno":3,"logger":"py.warnings"}
{"timestamp":"2026-10-03T11:39:28.367489Z","level":"info","event":"Filling up the DagBag from /opt/airflow/dags/orchestrate.py","logger":"airflow.dag_processing.dagbag.BundleDagBag","filename":"dagbag.py","lineno":460}
{"timestamp":"2026-10-03T11:39:29.259747Z","level":"warning","event":"The `airflow.operators.bash.BashOperator` attribute is deprecated. Please use `'airflow.providers.standard.operators.bash.BashOperator'`.","category":"UserWarning","filename":"/opt/airflow/dags/orchestrate.py","lineno":3,"logger":"py.warnings"}
{"timestamp":"2026-10-03T11:39:59.666346Z","level":"info","event":"Filling up the DagBag from /opt/airflow/dags/orchestrate.py","logger":"airflow.dag_processing.dagbag.BundleDagBag","filename":"dagbag.py","lineno":460}
{"timestamp":"2026-10-03T11:40:00.499919Z","level":"warning","event":"The `airflow.operators.bash.BashOperator` attribute is deprecated. Please use `'airflow.providers.standard.operators.bash.BashOperator'`.","category":"UserWarning","filename":"/opt/airflow/dags/orchestrate.py","lineno":3,"logger":"py.warnings"}
{"timestamp":"2026-10-03T11:40:30.895493Z","level":"info","event":"Filling up the DagBag from /opt/airflow/dags/orchestrate.py","logger":"airflow.dag_processing.dagbag.BundleDagBag","filename":"dagbag.py","lineno":460}
{"timestamp":"2026-10-03T11:40:31.746836Z","level":"warning","event":"The `airflow.operators.bash.BashOperator` attribute is deprecated. Please use `'airflow.providers.standard.operators.bash.BashOperator'`.","category":"UserWarning","filename":"/opt/airflow/dags/orchestrate.py","lineno":3,"logger":"py.warnings"}
{"timestamp":"2026-10-03T11:41:02.158637Z","level":"info","event":"Filling up the DagBag from /opt/airflow/dags/orchestrate.py","logger":"airflow.dag_processing.dagbag.BundleDagBag","filename":"dagbag.py","lineno":460}
{"timestamp":"2026-10-03T11:41:02.977002Z","level":"warning","event":"The `airflow.operators.bash.BashOperator` attribute is deprecated. Please use `'airflow.providers.standard.operators.bash.BashOperator'`.","category":"UserWarning","filename":"/opt/airflow/dags/orchestrate.py","lineno":3,"logger":"py.warnings"}
{"timestamp":"2026-10-03T11:41:33.387888Z","level":"info","event":"Filling up the DagBag from /opt/airflow/dags/orchestrate.py","logger":"airflow.dag_processing.dagbag.BundleDagBag","filename":"dagbag.py","lineno":460}
{"timestamp":"2026-10-03T11:41:34.239106Z","level":"warning","event":"The `airflow.operators.bash.BashOperator` attribute is deprecated. Please use `'airflow.providers.standard.operators.bash.BashOperator'`.","category":"UserWarning","filename":"/opt/airflow/dags/orchestrate.py","lineno":3,"logger":"py.warnings"}
{"timestamp":"2026-10-03T11:42:04.656054Z","level":"info","event":"Filling up the DagBag from /opt/airflow/dags/orchestrate.py","logger":"airflow.dag_processing.dagbag.BundleDagBag","filename":"dagbag.py","lineno":460}
{"timestamp":"2026-10-03T11:42:05.580099Z","level":"warning","event":"The `airflow.operators.bash.BashOperator` attribute is deprecated. Please use `'airflow.providers.standard.operators.bash.BashOperator'`.","category":"UserWarning","filename":"/opt/airflow/dags/orchestrate.py","lineno":3,"logger":"py.warnings"}
{"timestamp":"2026-10-03T11:42:35.951207Z","level":"info","event":"Filling up the DagBag from /opt/airflow/dags/orchestrate.py","logger":"airflow.dag_processing.dagbag.BundleDagBag","filename":"dagbag.py","lineno":460}
{"timestamp":"2026-10-03T11:42:36.771519Z","level":"warning","event":"The `airflow.operators.bash.BashOperator` attribute is deprecated. Please use `'airflow.providers.standard.operators.bash.BashOperator'`.","category":"UserWarning","filename":"/opt/airflow/dags/orchestrate.py","lineno":3,"logger":"py.warnings"}
{"timestamp":"2026-10-03T11:43:07.143898Z","level":"info","event":"Filling up the DagBag from /opt/airflow/dags/orchestrate.py","logger":"airflow.dag_processing.dagbag.BundleDagBag","filename":"dagbag.py","lineno":460}
{"timestamp":"2026-10-03T11:43:08.020162Z","level":"warning","event":"The `airflow.operators.bash.BashOperator` attribute is deprecated. Please use `'airflow.providers.standard.operators.bash.BashOperator'`.","category":"UserWarning","filename":"/opt/airflow/dags/orchestrate.py","lineno":3,"logger":"py.warnings"}
{"timestamp":"2026-10-03T11:43:38.425480Z","level":"info","event":"Filling up the DagBag from /opt/airflow/dags/orchestrate.py","logger":"airflow.dag_processing.dagbag.BundleDagBag","filename":"dagbag.py","lineno":460}
{"timestamp":"2026-10-03T11:43:39.331088Z","level":"warning","event":"The `airflow.operators.bash.BashOperator` attribute is deprecated. Please use `'airflow.providers.standard.operators.bash.BashOperator'`.","category":"UserWarning","filename":"/opt/airflow/dags/orchestrate.py","lineno":3,"logger":"py.warnings"}
{"timestamp":"2026-10-03T11:44:09.730266Z","level":"info","event":"Filling up the DagBag from /opt/airflow/dags/orchestrate.py","logger":"airflow.dag_processing.dagbag.BundleDagBag","filename":"dagbag.py","lineno":460}
{"timestamp":"2026-10-03T11:44:10.695388Z","level":"warning","event":"The `airflow.operators.bash.BashOperator` attribute is deprecated. Please use `'airflow.providers.standard.operators.bash.BashOperator'`.","category":"UserWarning","filename":"/opt/airflow/dags/orchestrate.py","lineno":3,"logger":"py.warnings"}
{"timestamp":"2026-10-03T11:44:17.868741Z","level":"info","event":"Filling up the DagBag from /opt/airflow/dags/orchestrate.py","logger":"airflow.dag_processing.dagbag.BundleDagBag","filename":"dagbag.py","lineno":460}
{"timestamp":"2026-10-03T11:44:18.844305Z","level":"warning","event":"The `airflow.operators.bash.BashOperator` attribute is deprecated. Please use `'airflow.providers.standard.operators.bash.BashOperator'`.","category":"UserWarning","filename":"/opt/airflow/dags/orchestrate.py","lineno":3,"logger":"py.warnings"}
{"timestamp":"2026-10-03T11:44:49.320085Z","level":"info","event":"Filling up the DagBag from /opt/airflow/dags/orchestrate.py","logger":"airflow.dag_processing.dagbag.BundleDagBag","filename":"dagbag.py","lineno":460}
{"timestamp":"2026-10-03T11:44:50.207524Z","level":"warning","event":"The `airflow.operators.bash.BashOperator` attribute is deprecated. Please use `'airflow.providers.standard.operators.bash.BashOperator'`.","category":"UserWarning","filename":"/opt/airflow/dags/orchestrate.py","lineno":3,"logger":"py.warnings"}
{"timestamp":"2026-10-03T11:45:20.688882Z","level":"info","event":"Filling up the DagBag from /opt/airflow/dags/orchestrate.py","logger":"airflow.dag_processing.dagbag.BundleDagBag","filename":"dagbag.py","lineno":460}
{"timestamp":"2026-10-03T11:45:21.643411Z","level":"warning","event":"The `airflow.operators.bash.BashOperator` attribute is deprecated. Please use `'airflow.providers.standard.operators.bash.BashOperator'`.","category":"UserWarning","filename":"/opt/airflow/dags/orchestrate.py","lineno":3,"logger":"py.warnings"}
{"timestamp":"2026-10-03T11:45:52.130730Z","level":"info","event":"Filling up the DagBag from /opt/airflow/dags/orchestrate.py","logger":"airflow.dag_processing.dagbag.BundleDagBag","filename":"dagbag.py","lineno":460}
{"timestamp":"2026-10-03T11:45:53.014740Z","level":"warning","event":"The `airflow.operators.bash.BashOperator` attribute is deprecated. Please use `'airflow.providers.standard.operators.bash.BashOperator'`.","category":"UserWarning","filename":"/opt/airflow/dags/orchestrate.py","lineno":3,"logger":"py.warnings"}
{"timestamp":"2026-10-03T11:46:23.452995Z","level":"info","event":"Filling up the DagBag from /opt/airflow/dags/orchestrate.py","logger":"airflow.dag_processing.dagbag.BundleDagBag","filename":"dagbag.py","lineno":460}
{"timestamp":"2026-10-03T11:46:24.339574Z","level":"warning","event":"The `airflow.operators.bash.BashOperator` attribute is deprecated. Please use `'airflow.providers.standard.operators.bash.BashOperator'`.","category":"UserWarning","filename":"/opt/airflow/dags/orchestrate.py","lineno":3,"logger":"py.warnings"}
{"timestamp":"2026-10-03T11:46:54.726455Z","level":"info","event":"Filling up the DagBag from /opt/airflow/dags/orchestrate.py","logger":"airflow.dag_processing.dagbag.BundleDagBag","filename":"dagbag.py","lineno":460}
{"timestamp":"2026-10-03T11:46:55.595390Z","level":"warning","event":"The `airflow.operators.bash.BashOperator` attribute is deprecated. Please use `'airflow.providers.standard.operators.bash.BashOperator'`.","category":"UserWarning","filename":"/opt/airflow/dags/orchestrate.py","lineno":3,"logger":"py.warnings"}
{"timestamp":"2026-10-03T11:47:26.019435Z","level":"info","event":"Filling up the DagBag from /opt/airflow/dags/orchestrate.py","logger":"airflow.dag_processing.dagbag.BundleDagBag","filename":"dagbag.py","lineno":460}
{"timestamp":"2026-10-03T11:47:26.829064Z","level":"warning","event":"The `airflow.operators.bash.BashOperator` attribute is deprecated. Please use `'airflow.providers.standard.operators.bash.BashOperator'`.","category":"UserWarning","filename":"/opt/airflow/dags/orchestrate.py","lineno":3,"logger":"py.warnings"}
{"timestamp":"2026-10-03T11:47:57.178819Z","level":"info","event":"Filling up the DagBag from /opt/airflow/dags/orchestrate.py","logger":"airflow.dag_processing.dagbag.BundleDagBag","filename":"dagbag.py","lineno":460}
{"timestamp":"2026-10-03T11:47:58.013342Z","level":"warning","event":"The `airflow.operators.bash.BashOperator` attribute is deprecated. Please use `'airflow.providers.standard.operators.bash.BashOperator'`.","category":"UserWarning","filename":"/opt/airflow/dags/orchestrate.py","lineno":3,"logger":"py.warnings"}
{"timestamp":"2026-10-03T11:48:28.404900Z","level":"info","event":"Filling up the DagBag from /opt/airflow/dags/orchestrate.py","logger":"airflow.dag_processing.dagbag.BundleDagBag","filename":"dagbag.py","lineno":460}
{"timestamp":"2026-10-03T11:48:29.372969Z","level":"warning","event":"The `airflow.operators.bash.BashOperator` attribute is deprecated. Please use `'airflow.providers.standard.operators.bash.BashOperator'`.","category":"UserWarning","filename":"/opt/airflow/dags/orchestrate.py","lineno":3,"logger":"py.warnings"}
{"timestamp":"2026-10-03T11:49:47.343339Z","level":"info","event":"Filling up the DagBag from /opt/airflow/dags/orchestrate.py","logger":"airflow.dag_processing.dagbag.BundleDagBag","filename":"dagbag.py","lineno":460}
{"timestamp":"2026-10-03T11:49:48.215393Z","level":"warning","event":"The `airflow.operators.bash.BashOperator` attribute is deprecated. Please use `'airflow.providers.standard.operators.bash.BashOperator'`.","category":"UserWarning","filename":"/opt/airflow/dags/orchestrate.py","lineno":3,"logger":"py.warnings"}
{"timestamp":"2026-10-03T11:50:18.623125Z","level":"info","event":"Filling up the DagBag from /opt/airflow/dags/orchestrate.py","logger":"airflow.dag_processing.dagbag.BundleDagBag","filename":"dagbag.py","lineno":460}
{"timestamp":"2026-10-03T11:50:19.465960Z","level":"warning","event":"The `airflow.operators.bash.BashOperator` attribute is deprecated. Please use `'airflow.providers.standard.operators.bash.BashOperator'`.","category":"UserWarning","filename":"/opt/airflow/dags/orchestrate.py","lineno":3,"logger":"py.warnings"}
{"timestamp":"2026-10-03T11:50:49.848013Z","level":"info","event":"Filling up the DagBag from /opt/airflow/dags/orchestrate.py","logger":"airflow.dag_processing.dagbag.BundleDagBag","filename":"dagbag.py","lineno":460}
{"timestamp":"2026-10-03T11:50:50.663659Z","level":"warning","event":"The `airflow.operators.bash.BashOperator` attribute is deprecated. Please use `'airflow.providers.standard.operators.bash.BashOperator'`.","category":"UserWarning","filename":"/opt/airflow/dags/orchestrate.py","lineno":3,"logger":"py.warnings"}
{"timestamp":"2026-10-03T11:51:21.036290Z","level":"info","event":"Filling up the DagBag from /opt/airflow/dags/orchestrate.py","logger":"airflow.dag_processing.dagbag.BundleDagBag","filename":"dagbag.py","lineno":460}
{"timestamp":"2026-10-03T11:51:21.825100Z","level":"warning","event":"The `airflow.operators.bash.BashOperator` attribute is deprecated. Please use `'airflow.providers.standard.operators.bash.BashOperator'`.","category":"UserWarning","filename":"/opt/airflow/dags/orchestrate.py","lineno":3,"logger":"py.warnings"}
{"timestamp":"2026-10-03T11:51:52.192432Z","level":"info","event":"Filling up the DagBag from /opt/airflow/dags/orchestrate.py","logger":"airflow.dag_processing.dagbag.BundleDagBag","filename":"dagbag.py","lineno":460}
{"timestamp":"2026-10-03T11:51:52.950217Z","level":"warning","event":"The `airflow.operators.bash.BashOperator` attribute is deprecated. Please use `'airflow.providers.standard.operators.bash.BashOperator'`.","category":"UserWarning","filename":"/opt/airflow/dags/orchestrate.py","lineno":3,"logger":"py.warnings"}
{"timestamp":"2026-10-03T11:52:23.345033Z","level":"info","event":"Filling up the DagBag from /opt/airflow/dags/orchestrate.py","logger":"airflow.dag_processing.dagbag.BundleDagBag","filename":"dagbag.py","lineno":460}
{"timestamp":"2026-10-03T11:52:24.213700Z","level":"warning","event":"The `airflow.operators.bash.BashOperator` attribute is deprecated. Please use `'airflow.providers.standard.operators.bash.BashOperator'`.","category":"UserWarning","filename":"/opt/airflow/dags/orchestrate.py","lineno":3,"logger":"py.warnings"}
{"timestamp":"2026-10-03T11:52:54.572902Z","level":"info","event":"Filling up the DagBag from /opt/airflow/dags/orchestrate.py","logger":"airflow.dag_processing.dagbag.BundleDagBag","filename":"dagbag.py","lineno":460}
{"timestamp":"2026-10-03T11:52:55.401013Z","level":"warning","event":"The `airflow.operators.bash.BashOperator` attribute is deprecated. Please use `'airflow.providers.standard.operators.bash.BashOperator'`.","category":"UserWarning","filename":"/opt/airflow/dags/orchestrate.py","lineno":3,"logger":"py.warnings"}
{"timestamp":"2026-10-03T11:53:25.759840Z","level":"info","event":"Filling up the DagBag from /opt/airflow/dags/orchestrate.py","logger":"airflow.dag_processing.dagbag.BundleDagBag","filename":"dagbag.py","lineno":460}
{"timestamp":"2026-10-03T11:53:26.567674Z","level":"warning","event":"The `airflow.operators.bash.BashOperator` attribute is deprecated. Please use `'airflow.providers.standard.operators.bash.BashOperator'`.","category":"UserWarning","filename":"/opt/airflow/dags/orchestrate.py","lineno":3,"logger":"py.warnings"}
{"timestamp":"2026-10-03T11:53:56.913192Z","level":"info","event":"Filling up the DagBag from /opt/airflow/dags/orchestrate.py","logger":"airflow.dag_processing.dagbag.BundleDagBag","filename":"dagbag.py","lineno":460}
{"timestamp":"2026-10-03T11:53:57.686479Z","level":"warning","event":"The `airflow.operators.bash.BashOperator` attribute is deprecated. Please use `'airflow.providers.standard.operators.bash.BashOperator'`.","category":"UserWarning","filename":"/opt/airflow/dags/orchestrate.py","lineno":3,"logger":"py.warnings"}
{"timestamp":"2026-10-03T11:54:28.014025Z","level":"info","event":"Filling up the DagBag from /opt/airflow/dags/orchestrate.py","logger":"airflow.dag_processing.dagbag.BundleDagBag","filename":"dagbag.py","lineno":460}
{"timestamp":"2026-10-03T11:54:28.903610Z","level":"warning","event":"The `airflow.operators.bash.BashOperator` attribute is deprecated. Please use `'airflow.providers.standard.operators.bash.BashOperator'`.","category":"UserWarning","filename":"/opt/airflow/dags/orchestrate.py","lineno":3,"logger":"py.warnings"}
{"timestamp":"2026-10-03T11:54:59.425680Z","level":"info","event":"Filling up the DagBag from /opt/airflow/dags/orchestrate.py","logger":"airflow.dag_processing.dagbag.BundleDagBag","filename":"dagbag.py","lineno":460}
{"timestamp":"2026-10-03T11:55:01.130300Z","level":"warning","event":"The `airflow.operators.bash.BashOperator` attribute is deprecated. Please use `'airflow.providers.standard.operators.bash.BashOperator'`.","category":"UserWarning","filename":"/opt/airflow/dags/orchestrate.py","lineno":3,"logger":"py.warnings"}
{"timestamp":"2026-10-03T11:55:31.608455Z","level":"info","event":"Filling up the DagBag from /opt/airflow/dags/orchestrate.py","logger":"airflow.dag_processing.dagbag.BundleDagBag","filename":"dagbag.py","lineno":460}
{"timestamp":"2026-10-03T11:55:32.490649Z","level":"warning","event":"The `airflow.operators.bash.BashOperator` attribute is deprecated. Please use `'airflow.providers.standard.operators.bash.BashOperator'`.","category":"UserWarning","filename":"/opt/airflow/dags/orchestrate.py","lineno":3,"logger":"py.warnings"}
{"timestamp":"2026-10-03T11:56:02.862086Z","level":"info","event":"Filling up the DagBag from /opt/airflow/dags/orchestrate.py","logger":"airflow.dag_processing.dagbag.BundleDagBag","filename":"dagbag.py","lineno":460}
{"timestamp":"2026-10-03T11:56:03.709239Z","level":"warning","event":"The `airflow.operators.bash.BashOperator` attribute is deprecated. Please use `'airflow.providers.standard.operators.bash.BashOperator'`.","category":"UserWarning","filename":"/opt/airflow/dags/orchestrate.py","lineno":3,"logger":"py.warnings"}
{"timestamp":"2026-10-03T11:56:34.062345Z","level":"info","event":"Filling up the DagBag from /opt/airflow/dags/orchestrate.py","logger":"airflow.dag_processing.dagbag.BundleDagBag","filename":"dagbag.py","lineno":460}
{"timestamp":"2026-10-03T11:56:35.063785Z","level":"warning","event":"The `airflow.operators.bash.BashOperator` attribute is deprecated. Please use `'airflow.providers.standard.operators.bash.BashOperator'`.","category":"UserWarning","filename":"/opt/airflow/dags/orchestrate.py","lineno":3,"logger":"py.warnings"}
{"timestamp":"2026-10-03T11:57:05.420455Z","level":"info","event":"Filling up the DagBag from /opt/airflow/dags/orchestrate.py","logger":"airflow.dag_processing.dagbag.BundleDagBag","filename":"dagbag.py","lineno":460}
{"timestamp":"2026-10-03T11:57:06.279189Z","level":"warning","event":"The `airflow.operators.bash.BashOperator` attribute is deprecated. Please use `'airflow.providers.standard.operators.bash.BashOperator'`.","category":"UserWarning","filename":"/opt/airflow/dags/orchestrate.py","lineno":3,"logger":"py.warnings"}
{"timestamp":"2026-10-03T11:57:36.640953Z","level":"info","event":"Filling up the DagBag from /opt/airflow/dags/orchestrate.py","logger":"airflow.dag_processing.dagbag.BundleDagBag","filename":"dagbag.py","lineno":460}
{"timestamp":"2026-10-03T11:57:37.422621Z","level":"warning","event":"The `airflow.operators.bash.BashOperator` attribute is deprecated. Please use `'airflow.providers.standard.operators.bash.BashOperator'`.","category":"UserWarning","filename":"/opt/airflow/dags/orchestrate.py","lineno":3,"logger":"py.warnings"}
{"timestamp":"2026-10-03T11:58:07.807288Z","level":"info","event":"Filling up the DagBag from /opt/airflow/dags/orchestrate.py","logger":"airflow.dag_processing.dagbag.BundleDagBag","filename":"dagbag.py","lineno":460}
{"timestamp":"2026-10-03T11:58:08.682538Z","level":"warning","event":"The `airflow.operators.bash.BashOperator` attribute is deprecated. Please use `'airflow.providers.standard.operators.bash.BashOperator'`.","category":"UserWarning","filename":"/opt/airflow/dags/orchestrate.py","lineno":3,"logger":"py.warnings"}
{"timestamp":"2026-10-03T11:58:39.039959Z","level":"info","event":"Filling up the DagBag from /opt/airflow/dags/orchestrate.py","logger":"airflow.dag_processing.dagbag.BundleDagBag","filename":"dagbag.py","lineno":460}
{"timestamp":"2026-10-03T11:58:39.856678Z","level":"warning","event":"The `airflow.operators.bash.BashOperator` attribute is deprecated. Please use `'airflow.providers.standard.operators.bash.BashOperator'`.","category":"UserWarning","filename":"/opt/airflow/dags/orchestrate.py","lineno":3,"logger":"py.warnings"}
{"timestamp":"2026-10-03T11:59:10.267910Z","level":"info","event":"Filling up the DagBag from /opt/airflow/dags/orchestrate.py","logger":"airflow.dag_processing.dagbag.BundleDagBag","filename":"dagbag.py","lineno":460}
{"timestamp":"2026-10-03T11:59:11.119291Z","level":"warning","event":"The `airflow.operators.bash.BashOperator` attribute is deprecated. Please use `'airflow.providers.standard.operators.bash.BashOperator'`.","category":"UserWarning","filename":"/opt/airflow/dags/orchestrate.py","lineno":3,"logger":"py.warnings"}
{"timestamp":"2026-10-03T11:59:41.506347Z","level":"info","event":"Filling up the DagBag from /opt/airflow/dags/orchestrate.py","logger":"airflow.dag_processing.dagbag.BundleDagBag","filename":"dagbag.py","lineno":460}
{"timestamp":"2026-10-03T11:59:42.429754Z","level":"warning","event":"The `airflow.operators.bash.BashOperator` attribute is deprecated. Please use `'airflow.providers.standard.operators.bash.BashOperator'`.","category":"UserWarning","filename":"/opt/airflow/dags/orchestrate.py","lineno":3,"logger":"py.warnings"}
{"timestamp":"2026-10-03T12:00:12.794975Z","level":"info","event":"Filling up the DagBag from /opt/airflow/dags/orchestrate.py","logger":"airflow.dag_processing.dagbag.BundleDagBag","filename":"dagbag.py","lineno":460}
{"timestamp":"2026-10-03T12:00:13.617768Z","level":"warning","event":"The `airflow.operators.bash.BashOperator` attribute is deprecated. Please use `'airflow.providers.standard.operators.bash.BashOperator'`.","category":"UserWarning","filename":"/opt/airflow/dags/orchestrate.py","lineno":3,"logger":"py.warnings"}
{"timestamp":"2026-10-03T12:00:44.041970Z","level":"info","event":"Filling up the DagBag from /opt/airflow/dags/orchestrate.py","logger":"airflow.dag_processing.dagbag.BundleDagBag","filename":"dagbag.py","lineno":460}
{"timestamp":"2026-10-03T12:00:44.924233Z","level":"warning","event":"The `airflow.operators.bash.BashOperator` attribute is deprecated. Please use `'airflow.providers.standard.operators.bash.BashOperator'`.","category":"UserWarning","filename":"/opt/airflow/dags/orchestrate.py","lineno":3,"logger":"py.warnings"}
{"timestamp":"2026-10-03T12:01:07.254869Z","level":"info","event":"Filling up the DagBag from /opt/airflow/dags/orchestrate.py","logger":"airflow.dag_processing.dagbag.BundleDagBag","filename":"dagbag.py","lineno":460}
{"timestamp":"2026-10-03T12:01:08.135463Z","level":"warning","event":"The `airflow.operators.bash.BashOperator` attribute is deprecated. Please use `'airflow.providers.standard.operators.bash.BashOperator'`.","category":"UserWarning","filename":"/opt/airflow/dags/orchestrate.py","lineno":3,"logger":"py.warnings"}
{"timestamp":"2026-10-03T12:01:38.534111Z","level":"info","event":"Filling up the DagBag from /opt/airflow/dags/orchestrate.py","logger":"airflow.dag_processing.dagbag.BundleDagBag","filename":"dagbag.py","lineno":460}
{"timestamp":"2026-10-03T12:01:39.666361Z","level":"warning","event":"The `airflow.operators.bash.BashOperator` attribute is deprecated. Please use `'airflow.providers.standard.operators.bash.BashOperator'`.","category":"UserWarning","filename":"/opt/airflow/dags/orchestrate.py","lineno":3,"logger":"py.warnings"}
{"timestamp":"2026-10-03T12:02:10.282515Z","level":"info","event":"Filling up the DagBag from /opt/airflow/dags/orchestrate.py","logger":"airflow.dag_processing.dagbag.BundleDagBag","filename":"dagbag.py","lineno":460}
{"timestamp":"2026-10-03T12:02:11.305437Z","level":"warning","event":"The `airflow.operators.bash.BashOperator` attribute is deprecated. Please use `'airflow.providers.standard.operators.bash.BashOperator'`.","category":"UserWarning","filename":"/opt/airflow/dags/orchestrate.py","lineno":3,"logger":"py.warnings"}
{"timestamp":"2026-10-03T12:02:41.786140Z","level":"info","event":"Filling up the DagBag from /opt/airflow/dags/orchestrate.py","logger":"airflow.dag_processing.dagbag.BundleDagBag","filename":"dagbag.py","lineno":460}
{"timestamp":"2026-10-03T12:02:42.709843Z","level":"warning","event":"The `airflow.operators.bash.BashOperator` attribute is deprecated. Please use `'airflow.providers.standard.operators.bash.BashOperator'`.","category":"UserWarning","filename":"/opt/airflow/dags/orchestrate.py","lineno":3,"logger":"py.warnings"}
{"timestamp":"2026-10-03T12:05:20.494719Z","level":"info","event":"Filling up the DagBag from /opt/airflow/dags/orchestrate.py","logger":"airflow.dag_processing.dagbag.BundleDagBag","filename":"dagbag.py","lineno":460}
{"timestamp":"2026-10-03T12:05:21.393504Z","level":"warning","event":"The `airflow.operators.bash.BashOperator` attribute is deprecated. Please use `'airflow.providers.standard.operators.bash.BashOperator'`.","category":"UserWarning","filename":"/opt/airflow/dags/orchestrate.py","lineno":3,"logger":"py.warnings"}
{"timestamp":"2026-10-03T12:05:51.930824Z","level":"info","event":"Filling up the DagBag from /opt/airflow/dags/orchestrate.py","logger":"airflow.dag_processing.dagbag.BundleDagBag","filename":"dagbag.py","lineno":460}
{"timestamp":"2026-10-03T12:05:53.125205Z","level":"warning","event":"The `airflow.operators.bash.BashOperator` attribute is deprecated. Please use `'airflow.providers.standard.operators.bash.BashOperator'`.","category":"UserWarning","filename":"/opt/airflow/dags/orchestrate.py","lineno":3,"logger":"py.warnings"}
{"timestamp":"2026-10-03T12:06:23.788057Z","level":"info","event":"Filling up the DagBag from /opt/airflow/dags/orchestrate.py","logger":"airflow.dag_processing.dagbag.BundleDagBag","filename":"dagbag.py","lineno":460}
{"timestamp":"2026-10-03T12:06:25.050943Z","level":"warning","event":"The `airflow.operators.bash.BashOperator` attribute is deprecated. Please use `'airflow.providers.standard.operators.bash.BashOperator'`.","category":"UserWarning","filename":"/opt/airflow/dags/orchestrate.py","lineno":3,"logger":"py.warnings"}
{"timestamp":"2026-10-03T12:06:55.818202Z","level":"info","event":"Filling up the DagBag from /opt/airflow/dags/orchestrate.py","logger":"airflow.dag_processing.dagbag.BundleDagBag","filename":"dagbag.py","lineno":460}
{"timestamp":"2026-10-03T12:06:56.790228Z","level":"warning","event":"The `airflow.operators.bash.BashOperator` attribute is deprecated. Please use `'airflow.providers.standard.operators.bash.BashOperator'`.","category":"UserWarning","filename":"/opt/airflow/dags/orchestrate.py","lineno":3,"logger":"py.warnings"}
{"timestamp":"2026-10-03T12:07:27.292374Z","level":"info","event":"Filling up the DagBag from /opt/airflow/dags/orchestrate.py","logger":"airflow.dag_processing.dagbag.BundleDagBag","filename":"dagbag.py","lineno":460}
{"timestamp":"2026-10-03T12:07:29.091689Z","level":"warning","event":"The `airflow.operators.bash.BashOperator` attribute is deprecated. Please use `'airflow.providers.standard.operators.bash.BashOperator'`.","category":"UserWarning","filename":"/opt/airflow/dags/orchestrate.py","lineno":3,"logger":"py.warnings"}
{"timestamp":"2026-10-03T12:07:59.698398Z","level":"info","event":"Filling up the DagBag from /opt/airflow/dags/orchestrate.py","logger":"airflow.dag_processing.dagbag.BundleDagBag","filename":"dagbag.py","lineno":460}
{"timestamp":"2026-10-03T12:08:00.553991Z","level":"warning","event":"The `airflow.operators.bash.BashOperator` attribute is deprecated. Please use `'airflow.providers.standard.operators.bash.BashOperator'`.","category":"UserWarning","filename":"/opt/airflow/dags/orchestrate.py","lineno":3,"logger":"py.warnings"}
{"timestamp":"2026-10-03T12:08:31.102894Z","level":"info","event":"Filling up the DagBag from /opt/airflow/dags/orchestrate.py","logger":"airflow.dag_processing.dagbag.BundleDagBag","filename":"dagbag.py","lineno":460}
{"timestamp":"2026-10-03T12:08:31.891129Z","level":"warning","event":"The `airflow.operators.bash.BashOperator` attribute is deprecated. Please use `'airflow.providers.standard.operators.bash.BashOperator'`.","category":"UserWarning","filename":"/opt/airflow/dags/orchestrate.py","lineno":3,"logger":"py.warnings"}
{"timestamp":"2026-10-03T12:09:02.434190Z","level":"info","event":"Filling up the DagBag from /opt/airflow/dags/orchestrate.py","logger":"airflow.dag_processing.dagbag.BundleDagBag","filename":"dagbag.py","lineno":460}
{"timestamp":"2026-10-03T12:09:03.414354Z","level":"warning","event":"The `airflow.operators.bash.BashOperator` attribute is deprecated. Please use `'airflow.providers.standard.operators.bash.BashOperator'`.","category":"UserWarning","filename":"/opt/airflow/dags/orchestrate.py","lineno":3,"logger":"py.warnings"}
{"timestamp":"2026-10-03T12:09:34.052938Z","level":"info","event":"Filling up the DagBag from /opt/airflow/dags/orchestrate.py","logger":"airflow.dag_processing.dagbag.BundleDagBag","filename":"dagbag.py","lineno":460}
{"timestamp":"2026-10-03T12:09:34.982855Z","level":"warning","event":"The `airflow.operators.bash.BashOperator` attribute is deprecated. Please use `'airflow.providers.standard.operators.bash.BashOperator'`.","category":"UserWarning","filename":"/opt/airflow/dags/orchestrate.py","lineno":3,"logger":"py.warnings"}
{"timestamp":"2026-10-03T12:10:05.456515Z","level":"info","event":"Filling up the DagBag from /opt/airflow/dags/orchestrate.py","logger":"airflow.dag_processing.dagbag.BundleDagBag","filename":"dagbag.py","lineno":460}
{"timestamp":"2026-10-03T12:10:06.270452Z","level":"warning","event":"The `airflow.operators.bash.BashOperator` attribute is deprecated. Please use `'airflow.providers.standard.operators.bash.BashOperator'`.","category":"UserWarning","filename":"/opt/airflow/dags/orchestrate.py","lineno":3,"logger":"py.warnings"}
{"timestamp":"2026-10-03T12:10:36.830752Z","level":"info","event":"Filling up the DagBag from /opt/airflow/dags/orchestrate.py","logger":"airflow.dag_processing.dagbag.BundleDagBag","filename":"dagbag.py","lineno":460}
{"timestamp":"2026-10-03T12:10:37.739422Z","level":"warning","event":"The `airflow.operators.bash.BashOperator` attribute is deprecated. Please use `'airflow.providers.standard.operators.bash.BashOperator'`.","category":"UserWarning","filename":"/opt/airflow/dags/orchestrate.py","lineno":3,"logger":"py.warnings"}
{"timestamp":"2026-10-03T12:11:08.258828Z","level":"info","event":"Filling up the DagBag from /opt/airflow/dags/orchestrate.py","logger":"airflow.dag_processing.dagbag.BundleDagBag","filename":"dagbag.py","lineno":460}
{"timestamp":"2026-10-03T12:11:09.573207Z","level":"warning","event":"The `airflow.operators.bash.BashOperator` attribute is deprecated. Please use `'airflow.providers.standard.operators.bash.BashOperator'`.","category":"UserWarning","filename":"/opt/airflow/dags/orchestrate.py","lineno":3,"logger":"py.warnings"}
{"timestamp":"2026-10-03T12:11:40.034701Z","level":"info","event":"Filling up the DagBag from /opt/airflow/dags/orchestrate.py","logger":"airflow.dag_processing.dagbag.BundleDagBag","filename":"dagbag.py","lineno":460}
{"timestamp":"2026-10-03T12:11:41.577315Z","level":"warning","event":"The `airflow.operators.bash.BashOperator` attribute is deprecated. Please use `'airflow.providers.standard.operators.bash.BashOperator'`.","category":"UserWarning","filename":"/opt/airflow/dags/orchestrate.py","lineno":3,"logger":"py.warnings"}
{"timestamp":"2026-10-03T12:12:12.086817Z","level":"info","event":"Filling up the DagBag from /opt/airflow/dags/orchestrate.py","logger":"airflow.dag_processing.dagbag.BundleDagBag","filename":"dagbag.py","lineno":460}
{"timestamp":"2026-10-03T12:12:13.750052Z","level":"warning","event":"The `airflow.operators.bash.BashOperator` attribute is deprecated. Please use `'airflow.providers.standard.operators.bash.BashOperator'`.","category":"UserWarning","filename":"/opt/airflow/dags/orchestrate.py","lineno":3,"logger":"py.warnings"}
{"timestamp":"2026-10-03T12:12:44.261117Z","level":"info","event":"Filling up the DagBag from /opt/airflow/dags/orchestrate.py","logger":"airflow.dag_processing.dagbag.BundleDagBag","filename":"dagbag.py","lineno":460}
{"timestamp":"2026-10-03T12:12:45.625706Z","level":"warning","event":"The `airflow.operators.bash.BashOperator` attribute is deprecated. Please use `'airflow.providers.standard.operators.bash.BashOperator'`.","category":"UserWarning","filename":"/opt/airflow/dags/orchestrate.py","lineno":3,"logger":"py.warnings"}
{"timestamp":"2026-10-03T12:13:16.105949Z","level":"info","event":"Filling up the DagBag from /opt/airflow/dags/orchestrate.py","logger":"airflow.dag_processing.dagbag.BundleDagBag","filename":"dagbag.py","lineno":460}
{"timestamp":"2026-10-03T12:13:17.198144Z","level":"warning","event":"The `airflow.operators.bash.BashOperator` attribute is deprecated. Please use `'airflow.providers.standard.operators.bash.BashOperator'`.","category":"UserWarning","filename":"/opt/airflow/dags/orchestrate.py","lineno":3,"logger":"py.warnings"}
{"timestamp":"2026-10-03T12:13:47.732961Z","level":"info","event":"Filling up the DagBag from /opt/airflow/dags/orchestrate.py","logger":"airflow.dag_processing.dagbag.BundleDagBag","filename":"dagbag.py","lineno":460}
{"timestamp":"2026-10-03T12:13:49.064526Z","level":"warning","event":"The `airflow.operators.bash.BashOperator` attribute is deprecated. Please use `'airflow.providers.standard.operators.bash.BashOperator'`.","category":"UserWarning","filename":"/opt/airflow/dags/orchestrate.py","lineno":3,"logger":"py.warnings"}
{"timestamp":"2026-10-03T12:14:19.667495Z","level":"info","event":"Filling up the DagBag from /opt/airflow/dags/orchestrate.py","logger":"airflow.dag_processing.dagbag.BundleDagBag","filename":"dagbag.py","lineno":460}
{"timestamp":"2026-10-03T12:14:20.936667Z","level":"warning","event":"The `airflow.operators.bash.BashOperator` attribute is deprecated. Please use `'airflow.providers.standard.operators.bash.BashOperator'`.","category":"UserWarning","filename":"/opt/airflow/dags/orchestrate.py","lineno":3,"logger":"py.warnings"}
{"timestamp":"2026-10-03T12:14:51.402543Z","level":"info","event":"Filling up the DagBag from /opt/airflow/dags/orchestrate.py","logger":"airflow.dag_processing.dagbag.BundleDagBag","filename":"dagbag.py","lineno":460}
{"timestamp":"2026-10-03T12:14:53.048345Z","level":"warning","event":"The `airflow.operators.bash.BashOperator` attribute is deprecated. Please use `'airflow.providers.standard.operators.bash.BashOperator'`.","category":"UserWarning","filename":"/opt/airflow/dags/orchestrate.py","lineno":3,"logger":"py.warnings"}
{"timestamp":"2026-10-03T12:15:23.603743Z","level":"info","event":"Filling up the DagBag from /opt/airflow/dags/orchestrate.py","logger":"airflow.dag_processing.dagbag.BundleDagBag","filename":"dagbag.py","lineno":460}
{"timestamp":"2026-10-03T12:15:25.356322Z","level":"warning","event":"The `airflow.operators.bash.BashOperator` attribute is deprecated. Please use `'airflow.providers.standard.operators.bash.BashOperator'`.","category":"UserWarning","filename":"/opt/airflow/dags/orchestrate.py","lineno":3,"logger":"py.warnings"}
{"timestamp":"2026-10-03T12:15:55.922947Z","level":"info","event":"Filling up the DagBag from /opt/airflow/dags/orchestrate.py","logger":"airflow.dag_processing.dagbag.BundleDagBag","filename":"dagbag.py","lineno":460}
{"timestamp":"2026-10-03T12:15:57.120044Z","level":"warning","event":"The `airflow.operators.bash.BashOperator` attribute is deprecated. Please use `'airflow.providers.standard.operators.bash.BashOperator'`.","category":"UserWarning","filename":"/opt/airflow/dags/orchestrate.py","lineno":3,"logger":"py.warnings"}
{"timestamp":"2026-10-03T12:16:27.569705Z","level":"info","event":"Filling up the DagBag from /opt/airflow/dags/orchestrate.py","logger":"airflow.dag_processing.dagbag.BundleDagBag","filename":"dagbag.py","lineno":460}
{"timestamp":"2026-10-03T12:16:28.862485Z","level":"warning","event":"The `airflow.operators.bash.BashOperator` attribute is deprecated. Please use `'airflow.providers.standard.operators.bash.BashOperator'`.","category":"UserWarning","filename":"/opt/airflow/dags/orchestrate.py","lineno":3,"logger":"py.warnings"}
{"timestamp":"2026-10-03T12:16:59.336985Z","level":"info","event":"Filling up the DagBag from /opt/airflow/dags/orchestrate.py","logger":"airflow.dag_processing.dagbag.BundleDagBag","filename":"dagbag.py","lineno":460}
{"timestamp":"2026-10-03T12:17:00.708388Z","level":"warning","event":"The `airflow.operators.bash.BashOperator` attribute is deprecated. Please use `'airflow.providers.standard.operators.bash.BashOperator'`.","category":"UserWarning","filename":"/opt/airflow/dags/orchestrate.py","lineno":3,"logger":"py.warnings"}
{"timestamp":"2026-10-03T12:17:31.303381Z","level":"info","event":"Filling up the DagBag from /opt/airflow/dags/orchestrate.py","logger":"airflow.dag_processing.dagbag.BundleDagBag","filename":"dagbag.py","lineno":460}
{"timestamp":"2026-10-03T12:17:32.375726Z","level":"warning","event":"The `airflow.operators.bash.BashOperator` attribute is deprecated. Please use `'airflow.providers.standard.operators.bash.BashOperator'`.","category":"UserWarning","filename":"/opt/airflow/dags/orchestrate.py","lineno":3,"logger":"py.warnings"}
{"timestamp":"2026-10-03T12:18:02.850035Z","level":"info","event":"Filling up the DagBag from /opt/airflow/dags/orchestrate.py","logger":"airflow.dag_processing.dagbag.BundleDagBag","filename":"dagbag.py","lineno":460}
{"timestamp":"2026-10-03T12:18:04.473612Z","level":"warning","event":"The `airflow.operators.bash.BashOperator` attribute is deprecated. Please use `'airflow.providers.standard.operators.bash.BashOperator'`.","category":"UserWarning","filename":"/opt/airflow/dags/orchestrate.py","lineno":3,"logger":"py.warnings"}
{"timestamp":"2026-10-03T12:18:34.967009Z","level":"info","event":"Filling up the DagBag from /opt/airflow/dags/orchestrate.py","logger":"airflow.dag_processing.dagbag.BundleDagBag","filename":"dagbag.py","lineno":460}
{"timestamp":"2026-10-03T12:18:36.512155Z","level":"warning","event":"The `airflow.operators.bash.BashOperator` attribute is deprecated. Please use `'airflow.providers.standard.operators.bash.BashOperator'`.","category":"UserWarning","filename":"/opt/airflow/dags/orchestrate.py","lineno":3,"logger":"py.warnings"}
{"timestamp":"2026-10-03T12:19:07.021265Z","level":"info","event":"Filling up the DagBag from /opt/airflow/dags/orchestrate.py","logger":"airflow.dag_processing.dagbag.BundleDagBag","filename":"dagbag.py","lineno":460}
{"timestamp":"2026-10-03T12:19:08.315269Z","level":"warning","event":"The `airflow.operators.bash.BashOperator` attribute is deprecated. Please use `'airflow.providers.standard.operators.bash.BashOperator'`.","category":"UserWarning","filename":"/opt/airflow/dags/orchestrate.py","lineno":3,"logger":"py.warnings"}
{"timestamp":"2026-10-03T12:19:38.755461Z","level":"info","event":"Filling up the DagBag from /opt/airflow/dags/orchestrate.py","logger":"airflow.dag_processing.dagbag.BundleDagBag","filename":"dagbag.py","lineno":460}
{"timestamp":"2026-10-03T12:19:39.744197Z","level":"warning","event":"The `airflow.operators.bash.BashOperator` attribute is deprecated. Please use `'airflow.providers.standard.operators.bash.BashOperator'`.","category":"UserWarning","filename":"/opt/airflow/dags/orchestrate.py","lineno":3,"logger":"py.warnings"}
{"timestamp":"2026-10-03T12:20:10.237855Z","level":"info","event":"Filling up the DagBag from /opt/airflow/dags/orchestrate.py","logger":"airflow.dag_processing.dagbag.BundleDagBag","filename":"dagbag.py","lineno":460}
{"timestamp":"2026-10-03T12:20:11.363693Z","level":"warning","event":"The `airflow.operators.bash.BashOperator` attribute is deprecated. Please use `'airflow.providers.standard.operators.bash.BashOperator'`.","category":"UserWarning","filename":"/opt/airflow/dags/orchestrate.py","lineno":3,"logger":"py.warnings"}
{"timestamp":"2026-10-03T12:20:41.739474Z","level":"info","event":"Filling up the DagBag from /opt/airflow/dags/orchestrate.py","logger":"airflow.dag_processing.dagbag.BundleDagBag","filename":"dagbag.py","lineno":460}
{"timestamp":"2026-10-03T12:20:42.801427Z","level":"warning","event":"The `airflow.operators.bash.BashOperator` attribute is deprecated. Please use `'airflow.providers.standard.operators.bash.BashOperator'`.","category":"UserWarning","filename":"/opt/airflow/dags/orchestrate.py","lineno":3,"logger":"py.warnings"}
{"timestamp":"2026-10-03T12:21:13.215775Z","level":"info","event":"Filling up the DagBag from /opt/airflow/dags/orchestrate.py","logger":"airflow.dag_processing.dagbag.BundleDagBag","filename":"dagbag.py","lineno":460}
{"timestamp":"2026-10-03T12:21:14.021921Z","level":"warning","event":"The `airflow.operators.bash.BashOperator` attribute is deprecated. Please use `'airflow.providers.standard.operators.bash.BashOperator'`.","category":"UserWarning","filename":"/opt/airflow/dags/orchestrate.py","lineno":3,"logger":"py.warnings"}
{"timestamp":"2026-10-03T12:21:44.487701Z","level":"info","event":"Filling up the DagBag from /opt/airflow/dags/orchestrate.py","logger":"airflow.dag_processing.dagbag.BundleDagBag","filename":"dagbag.py","lineno":460}
{"timestamp":"2026-10-03T12:21:45.736838Z","level":"warning","event":"The `airflow.operators.bash.BashOperator` attribute is deprecated. Please use `'airflow.providers.standard.operators.bash.BashOperator'`.","category":"UserWarning","filename":"/opt/airflow/dags/orchestrate.py","lineno":3,"logger":"py.warnings"}
{"timestamp":"2026-10-03T12:22:16.183579Z","level":"info","event":"Filling up the DagBag from /opt/airflow/dags/orchestrate.py","logger":"airflow.dag_processing.dagbag.BundleDagBag","filename":"dagbag.py","lineno":460}
{"timestamp":"2026-10-03T12:22:17.367749Z","level":"warning","event":"The `airflow.operators.bash.BashOperator` attribute is deprecated. Please use `'airflow.providers.standard.operators.bash.BashOperator'`.","category":"UserWarning","filename":"/opt/airflow/dags/orchestrate.py","lineno":3,"logger":"py.warnings"}
{"timestamp":"2026-10-03T12:22:47.842231Z","level":"info","event":"Filling up the DagBag from /opt/airflow/dags/orchestrate.py","logger":"airflow.dag_processing.dagbag.BundleDagBag","filename":"dagbag.py","lineno":460}
{"timestamp":"2026-10-03T12:22:49.325006Z","level":"warning","event":"The `airflow.operators.bash.BashOperator` attribute is deprecated. Please use `'airflow.providers.standard.operators.bash.BashOperator'`.","category":"UserWarning","filename":"/opt/airflow/dags/orchestrate.py","lineno":3,"logger":"py.warnings"}
{"timestamp":"2026-10-03T12:23:19.842101Z","level":"info","event":"Filling up the DagBag from /opt/airflow/dags/orchestrate.py","logger":"airflow.dag_processing.dagbag.BundleDagBag","filename":"dagbag.py","lineno":460}
{"timestamp":"2026-10-03T12:23:21.640205Z","level":"warning","event":"The `airflow.operators.bash.BashOperator` attribute is deprecated. Please use `'airflow.providers.standard.operators.bash.BashOperator'`.","category":"UserWarning","filename":"/opt/airflow/dags/orchestrate.py","lineno":3,"logger":"py.warnings"}
{"timestamp":"2026-10-03T12:23:52.117563Z","level":"info","event":"Filling up the DagBag from /opt/airflow/dags/orchestrate.py","logger":"airflow.dag_processing.dagbag.BundleDagBag","filename":"dagbag.py","lineno":460}
{"timestamp":"2026-10-03T12:23:53.534822Z","level":"warning","event":"The `airflow.operators.bash.BashOperator` attribute is deprecated. Please use `'airflow.providers.standard.operators.bash.BashOperator'`.","category":"UserWarning","filename":"/opt/airflow/dags/orchestrate.py","lineno":3,"logger":"py.warnings"}
{"timestamp":"2026-10-03T12:24:24.033648Z","level":"info","event":"Filling up the DagBag from /opt/airflow/dags/orchestrate.py","logger":"airflow.dag_processing.dagbag.BundleDagBag","filename":"dagbag.py","lineno":460}
{"timestamp":"2026-10-03T12:24:24.899297Z","level":"warning","event":"The `airflow.operators.bash.BashOperator` attribute is deprecated. Please use `'airflow.providers.standard.operators.bash.BashOperator'`.","category":"UserWarning","filename":"/opt/airflow/dags/orchestrate.py","lineno":3,"logger":"py.warnings"}
{"timestamp":"2026-10-03T12:24:55.577404Z","level":"info","event":"Filling up the DagBag from /opt/airflow/dags/orchestrate.py","logger":"airflow.dag_processing.dagbag.BundleDagBag","filename":"dagbag.py","lineno":460}
{"timestamp":"2026-10-03T12:24:56.551724Z","level":"warning","event":"The `airflow.operators.bash.BashOperator` attribute is deprecated. Please use `'airflow.providers.standard.operators.bash.BashOperator'`.","category":"UserWarning","filename":"/opt/airflow/dags/orchestrate.py","lineno":3,"logger":"py.warnings"}
{"timestamp":"2026-10-03T12:25:27.175008Z","level":"info","event":"Filling up the DagBag from /opt/airflow/dags/orchestrate.py","logger":"airflow.dag_processing.dagbag.BundleDagBag","filename":"dagbag.py","lineno":460}
{"timestamp":"2026-10-03T12:25:27.994738Z","level":"warning","event":"The `airflow.operators.bash.BashOperator` attribute is deprecated. Please use `'airflow.providers.standard.operators.bash.BashOperator'`.","category":"UserWarning","filename":"/opt/airflow/dags/orchestrate.py","lineno":3,"logger":"py.warnings"}
{"timestamp":"2026-10-03T12:25:58.750743Z","level":"info","event":"Filling up the DagBag from /opt/airflow/dags/orchestrate.py","logger":"airflow.dag_processing.dagbag.BundleDagBag","filename":"dagbag.py","lineno":460}
{"timestamp":"2026-10-03T12:25:59.597577Z","level":"warning","event":"The `airflow.operators.bash.BashOperator` attribute is deprecated. Please use `'airflow.providers.standard.operators.bash.BashOperator'`.","category":"UserWarning","filename":"/opt/airflow/dags/orchestrate.py","lineno":3,"logger":"py.warnings"}
{"timestamp":"2026-10-03T12:26:30.224952Z","level":"info","event":"Filling up the DagBag from /opt/airflow/dags/orchestrate.py","logger":"airflow.dag_processing.dagbag.BundleDagBag","filename":"dagbag.py","lineno":460}
{"timestamp":"2026-10-03T12:26:32.180694Z","level":"warning","event":"The `airflow.operators.bash.BashOperator` attribute is deprecated. Please use `'airflow.providers.standard.operators.bash.BashOperator'`.","category":"UserWarning","filename":"/opt/airflow/dags/orchestrate.py","lineno":3,"logger":"py.warnings"}
{"timestamp":"2026-10-03T12:27:02.731113Z","level":"info","event":"Filling up the DagBag from /opt/airflow/dags/orchestrate.py","logger":"airflow.dag_processing.dagbag.BundleDagBag","filename":"dagbag.py","lineno":460}
{"timestamp":"2026-10-03T12:27:03.936204Z","level":"warning","event":"The `airflow.operators.bash.BashOperator` attribute is deprecated. Please use `'airflow.providers.standard.operators.bash.BashOperator'`.","category":"UserWarning","filename":"/opt/airflow/dags/orchestrate.py","lineno":3,"logger":"py.warnings"}
{"timestamp":"2026-10-03T12:27:34.407918Z","level":"info","event":"Filling up the DagBag from /opt/airflow/dags/orchestrate.py","logger":"airflow.dag_processing.dagbag.BundleDagBag","filename":"dagbag.py","lineno":460}
{"timestamp":"2026-10-03T12:27:35.530240Z","level":"warning","event":"The `airflow.operators.bash.BashOperator` attribute is deprecated. Please use `'airflow.providers.standard.operators.bash.BashOperator'`.","category":"UserWarning","filename":"/opt/airflow/dags/orchestrate.py","lineno":3,"logger":"py.warnings"}
{"timestamp":"2026-10-03T12:28:06.064036Z","level":"info","event":"Filling up the DagBag from /opt/airflow/dags/orchestrate.py","logger":"airflow.dag_processing.dagbag.BundleDagBag","filename":"dagbag.py","lineno":460}
{"timestamp":"2026-10-03T12:28:07.295537Z","level":"warning","event":"The `airflow.operators.bash.BashOperator` attribute is deprecated. Please use `'airflow.providers.standard.operators.bash.BashOperator'`.","category":"UserWarning","filename":"/opt/airflow/dags/orchestrate.py","lineno":3,"logger":"py.warnings"}
{"timestamp":"2026-10-03T12:28:37.770788Z","level":"info","event":"Filling up the DagBag from /opt/airflow/dags/orchestrate.py","logger":"airflow.dag_processing.dagbag.BundleDagBag","filename":"dagbag.py","lineno":460}
{"timestamp":"2026-10-03T12:28:39.138214Z","level":"warning","event":"The `airflow.operators.bash.BashOperator` attribute is deprecated. Please use `'airflow.providers.standard.operators.bash.BashOperator'`.","category":"UserWarning","filename":"/opt/airflow/dags/orchestrate.py","lineno":3,"logger":"py.warnings"}
{"timestamp":"2026-10-03T12:29:09.658761Z","level":"info","event":"Filling up the DagBag from /opt/airflow/dags/orchestrate.py","logger":"airflow.dag_processing.dagbag.BundleDagBag","filename":"dagbag.py","lineno":460}
{"timestamp":"2026-10-03T12:29:11.182294Z","level":"warning","event":"The `airflow.operators.bash.BashOperator` attribute is deprecated. Please use `'airflow.providers.standard.operators.bash.BashOperator'`.","category":"UserWarning","filename":"/opt/airflow/dags/orchestrate.py","lineno":3,"logger":"py.warnings"}
{"timestamp":"2026-10-03T12:29:41.709902Z","level":"info","event":"Filling up the DagBag from /opt/airflow/dags/orchestrate.py","logger":"airflow.dag_processing.dagbag.BundleDagBag","filename":"dagbag.py","lineno":460}
{"timestamp":"2026-10-03T12:29:43.314296Z","level":"warning","event":"The `airflow.operators.bash.BashOperator` attribute is deprecated. Please use `'airflow.providers.standard.operators.bash.BashOperator'`.","category":"UserWarning","filename":"/opt/airflow/dags/orchestrate.py","lineno":3,"logger":"py.warnings"}
{"timestamp":"2026-10-03T12:30:13.787031Z","level":"info","event":"Filling up the DagBag from /opt/airflow/dags/orchestrate.py","logger":"airflow.dag_processing.dagbag.BundleDagBag","filename":"dagbag.py","lineno":460}
{"timestamp":"2026-10-03T12:30:15.133204Z","level":"warning","event":"The `airflow.operators.bash.BashOperator` attribute is deprecated. Please use `'airflow.providers.standard.operators.bash.BashOperator'`.","category":"UserWarning","filename":"/opt/airflow/dags/orchestrate.py","lineno":3,"logger":"py.warnings"}
{"timestamp":"2026-10-03T12:30:45.615313Z","level":"info","event":"Filling up the DagBag from /opt/airflow/dags/orchestrate.py","logger":"airflow.dag_processing.dagbag.BundleDagBag","filename":"dagbag.py","lineno":460}
{"timestamp":"2026-10-03T12:30:46.784037Z","level":"warning","event":"The `airflow.operators.bash.BashOperator` attribute is deprecated. Please use `'airflow.providers.standard.operators.bash.BashOperator'`.","category":"UserWarning","filename":"/opt/airflow/dags/orchestrate.py","lineno":3,"logger":"py.warnings"}
{"timestamp":"2026-10-03T12:31:17.270438Z","level":"info","event":"Filling up the DagBag from /opt/airflow/dags/orchestrate.py","logger":"airflow.dag_processing.dagbag.BundleDagBag","filename":"dagbag.py","lineno":460}
{"timestamp":"2026-10-03T12:31:18.360995Z","level":"warning","event":"The `airflow.operators.bash.BashOperator` attribute is deprecated. Please use `'airflow.providers.standard.operators.bash.BashOperator'`.","category":"UserWarning","filename":"/opt/airflow/dags/orchestrate.py","lineno":3,"logger":"py.warnings"}
{"timestamp":"2026-10-03T12:31:48.887754Z","level":"info","event":"Filling up the DagBag from /opt/airflow/dags/orchestrate.py","logger":"airflow.dag_processing.dagbag.BundleDagBag","filename":"dagbag.py","lineno":460}
{"timestamp":"2026-10-03T12:31:50.111926Z","level":"warning","event":"The `airflow.operators.bash.BashOperator` attribute is deprecated. Please use `'airflow.providers.standard.operators.bash.BashOperator'`.","category":"UserWarning","filename":"/opt/airflow/dags/orchestrate.py","lineno":3,"logger":"py.warnings"}
{"timestamp":"2026-10-03T12:32:20.641470Z","level":"info","event":"Filling up the DagBag from /opt/airflow/dags/orchestrate.py","logger":"airflow.dag_processing.dagbag.BundleDagBag","filename":"dagbag.py","lineno":460}
{"timestamp":"2026-10-03T12:32:21.689207Z","level":"warning","event":"The `airflow.operators.bash.BashOperator` attribute is deprecated. Please use `'airflow.providers.standard.operators.bash.BashOperator'`.","category":"UserWarning","filename":"/opt/airflow/dags/orchestrate.py","lineno":3,"logger":"py.warnings"}
{"timestamp":"2026-10-03T12:32:52.145633Z","level":"info","event":"Filling up the DagBag from /opt/airflow/dags/orchestrate.py","logger":"airflow.dag_processing.dagbag.BundleDagBag","filename":"dagbag.py","lineno":460}
{"timestamp":"2026-10-03T12:32:53.296662Z","level":"warning","event":"The `airflow.operators.bash.BashOperator` attribute is deprecated. Please use `'airflow.providers.standard.operators.bash.BashOperator'`.","category":"UserWarning","filename":"/opt/airflow/dags/orchestrate.py","lineno":3,"logger":"py.warnings"}
{"timestamp":"2026-10-03T12:33:23.903364Z","level":"info","event":"Filling up the DagBag from /opt/airflow/dags/orchestrate.py","logger":"airflow.dag_processing.dagbag.BundleDagBag","filename":"dagbag.py","lineno":460}
{"timestamp":"2026-10-03T12:33:24.806097Z","level":"warning","event":"The `airflow.operators.bash.BashOperator` attribute is deprecated. Please use `'airflow.providers.standard.operators.bash.BashOperator'`.","category":"UserWarning","filename":"/opt/airflow/dags/orchestrate.py","lineno":3,"logger":"py.warnings"}
{"timestamp":"2026-10-03T12:33:55.538123Z","level":"info","event":"Filling up the DagBag from /opt/airflow/dags/orchestrate.py","logger":"airflow.dag_processing.dagbag.BundleDagBag","filename":"dagbag.py","lineno":460}
{"timestamp":"2026-10-03T12:33:56.483037Z","level":"warning","event":"The `airflow.operators.bash.BashOperator` attribute is deprecated. Please use `'airflow.providers.standard.operators.bash.BashOperator'`.","category":"UserWarning","filename":"/opt/airflow/dags/orchestrate.py","lineno":3,"logger":"py.warnings"}
{"timestamp":"2026-10-03T12:34:27.112935Z","level":"info","event":"Filling up the DagBag from /opt/airflow/dags/orchestrate.py","logger":"airflow.dag_processing.dagbag.BundleDagBag","filename":"dagbag.py","lineno":460}
{"timestamp":"2026-10-03T12:34:28.445229Z","level":"warning","event":"The `airflow.operators.bash.BashOperator` attribute is deprecated. Please use `'airflow.providers.standard.operators.bash.BashOperator'`.","category":"UserWarning","filename":"/opt/airflow/dags/orchestrate.py","lineno":3,"logger":"py.warnings"}
{"timestamp":"2026-10-03T12:34:59.028620Z","level":"info","event":"Filling up the DagBag from /opt/airflow/dags/orchestrate.py","logger":"airflow.dag_processing.dagbag.BundleDagBag","filename":"dagbag.py","lineno":460}
{"timestamp":"2026-10-03T12:35:00.301535Z","level":"warning","event":"The `airflow.operators.bash.BashOperator` attribute is deprecated. Please use `'airflow.providers.standard.operators.bash.BashOperator'`.","category":"UserWarning","filename":"/opt/airflow/dags/orchestrate.py","lineno":3,"logger":"py.warnings"}
{"timestamp":"2026-10-03T12:35:30.977908Z","level":"info","event":"Filling up the DagBag from /opt/airflow/dags/orchestrate.py","logger":"airflow.dag_processing.dagbag.BundleDagBag","filename":"dagbag.py","lineno":460}
{"timestamp":"2026-10-03T12:35:31.908377Z","level":"warning","event":"The `airflow.operators.bash.BashOperator` attribute is deprecated. Please use `'airflow.providers.standard.operators.bash.BashOperator'`.","category":"UserWarning","filename":"/opt/airflow/dags/orchestrate.py","lineno":3,"logger":"py.warnings"}
{"timestamp":"2026-10-03T12:36:02.592227Z","level":"info","event":"Filling up the DagBag from /opt/airflow/dags/orchestrate.py","logger":"airflow.dag_processing.dagbag.BundleDagBag","filename":"dagbag.py","lineno":460}
{"timestamp":"2026-10-03T12:36:03.578338Z","level":"warning","event":"The `airflow.operators.bash.BashOperator` attribute is deprecated. Please use `'airflow.providers.standard.operators.bash.BashOperator'`.","category":"UserWarning","filename":"/opt/airflow/dags/orchestrate.py","lineno":3,"logger":"py.warnings"}
{"timestamp":"2026-10-03T12:36:34.089982Z","level":"info","event":"Filling up the DagBag from /opt/airflow/dags/orchestrate.py","logger":"airflow.dag_processing.dagbag.BundleDagBag","filename":"dagbag.py","lineno":460}
{"timestamp":"2026-10-03T12:36:35.732331Z","level":"warning","event":"The `airflow.operators.bash.BashOperator` attribute is deprecated. Please use `'airflow.providers.standard.operators.bash.BashOperator'`.","category":"UserWarning","filename":"/opt/airflow/dags/orchestrate.py","lineno":3,"logger":"py.warnings"}
{"timestamp":"2026-10-03T12:37:06.307247Z","level":"info","event":"Filling up the DagBag from /opt/airflow/dags/orchestrate.py","logger":"airflow.dag_processing.dagbag.BundleDagBag","filename":"dagbag.py","lineno":460}
{"timestamp":"2026-10-03T12:37:07.573615Z","level":"warning","event":"The `airflow.operators.bash.BashOperator` attribute is deprecated. Please use `'airflow.providers.standard.operators.bash.BashOperator'`.","category":"UserWarning","filename":"/opt/airflow/dags/orchestrate.py","lineno":3,"logger":"py.warnings"}
{"timestamp":"2026-10-03T12:37:38.097600Z","level":"info","event":"Filling up the DagBag from /opt/airflow/dags/orchestrate.py","logger":"airflow.dag_processing.dagbag.BundleDagBag","filename":"dagbag.py","lineno":460}
{"timestamp":"2026-10-03T12:37:39.464140Z","level":"warning","event":"The `airflow.operators.bash.BashOperator` attribute is deprecated. Please use `'airflow.providers.standard.operators.bash.BashOperator'`.","category":"UserWarning","filename":"/opt/airflow/dags/orchestrate.py","lineno":3,"logger":"py.warnings"}
{"timestamp":"2026-10-03T12:38:09.980934Z","level":"info","event":"Filling up the DagBag from /opt/airflow/dags/orchestrate.py","logger":"airflow.dag_processing.dagbag.BundleDagBag","filename":"dagbag.py","lineno":460}
{"timestamp":"2026-10-03T12:38:11.443424Z","level":"warning","event":"The `airflow.operators.bash.BashOperator` attribute is deprecated. Please use `'airflow.providers.standard.operators.bash.BashOperator'`.","category":"UserWarning","filename":"/opt/airflow/dags/orchestrate.py","lineno":3,"logger":"py.warnings"}
{"timestamp":"2026-10-03T12:38:41.971154Z","level":"info","event":"Filling up the DagBag from /opt/airflow/dags/orchestrate.py","logger":"airflow.dag_processing.dagbag.BundleDagBag","filename":"dagbag.py","lineno":460}
{"timestamp":"2026-10-03T12:38:43.362716Z","level":"warning","event":"The `airflow.operators.bash.BashOperator` attribute is deprecated. Please use `'airflow.providers.standard.operators.bash.BashOperator'`.","category":"UserWarning","filename":"/opt/airflow/dags/orchestrate.py","lineno":3,"logger":"py.warnings"}
{"timestamp":"2026-10-03T12:39:13.870968Z","level":"info","event":"Filling up the DagBag from /opt/airflow/dags/orchestrate.py","logger":"airflow.dag_processing.dagbag.BundleDagBag","filename":"dagbag.py","lineno":460}
{"timestamp":"2026-10-03T12:39:15.193046Z","level":"warning","event":"The `airflow.operators.bash.BashOperator` attribute is deprecated. Please use `'airflow.providers.standard.operators.bash.BashOperator'`.","category":"UserWarning","filename":"/opt/airflow/dags/orchestrate.py","lineno":3,"logger":"py.warnings"}
{"timestamp":"2026-10-03T12:39:45.692450Z","level":"info","event":"Filling up the DagBag from /opt/airflow/dags/orchestrate.py","logger":"airflow.dag_processing.dagbag.BundleDagBag","filename":"dagbag.py","lineno":460}
{"timestamp":"2026-10-03T12:39:46.891010Z","level":"warning","event":"The `airflow.operators.bash.BashOperator` attribute is deprecated. Please use `'airflow.providers.standard.operators.bash.BashOperator'`.","category":"UserWarning","filename":"/opt/airflow/dags/orchestrate.py","lineno":3,"logger":"py.warnings"}
{"timestamp":"2026-10-03T12:40:17.388353Z","level":"info","event":"Filling up the DagBag from /opt/airflow/dags/orchestrate.py","logger":"airflow.dag_processing.dagbag.BundleDagBag","filename":"dagbag.py","lineno":460}
{"timestamp":"2026-10-03T12:40:18.681342Z","level":"warning","event":"The `airflow.operators.bash.BashOperator` attribute is deprecated. Please use `'airflow.providers.standard.operators.bash.BashOperator'`.","category":"UserWarning","filename":"/opt/airflow/dags/orchestrate.py","lineno":3,"logger":"py.warnings"}
{"timestamp":"2026-10-03T12:40:49.256177Z","level":"info","event":"Filling up the DagBag from /opt/airflow/dags/orchestrate.py","logger":"airflow.dag_processing.dagbag.BundleDagBag","filename":"dagbag.py","lineno":460}
{"timestamp":"2026-10-03T12:40:50.659093Z","level":"warning","event":"The `airflow.operators.bash.BashOperator` attribute is deprecated. Please use `'airflow.providers.standard.operators.bash.BashOperator'`.","category":"UserWarning","filename":"/opt/airflow/dags/orchestrate.py","lineno":3,"logger":"py.warnings"}
{"timestamp":"2026-10-03T12:41:21.151145Z","level":"info","event":"Filling up the DagBag from /opt/airflow/dags/orchestrate.py","logger":"airflow.dag_processing.dagbag.BundleDagBag","filename":"dagbag.py","lineno":460}
{"timestamp":"2026-10-03T12:41:22.709893Z","level":"warning","event":"The `airflow.operators.bash.BashOperator` attribute is deprecated. Please use `'airflow.providers.standard.operators.bash.BashOperator'`.","category":"UserWarning","filename":"/opt/airflow/dags/orchestrate.py","lineno":3,"logger":"py.warnings"}
{"timestamp":"2026-10-03T12:41:53.172773Z","level":"info","event":"Filling up the DagBag from /opt/airflow/dags/orchestrate.py","logger":"airflow.dag_processing.dagbag.BundleDagBag","filename":"dagbag.py","lineno":460}
{"timestamp":"2026-10-03T12:41:54.660598Z","level":"warning","event":"The `airflow.operators.bash.BashOperator` attribute is deprecated. Please use `'airflow.providers.standard.operators.bash.BashOperator'`.","category":"UserWarning","filename":"/opt/airflow/dags/orchestrate.py","lineno":3,"logger":"py.warnings"}
{"timestamp":"2026-10-03T12:42:25.237892Z","level":"info","event":"Filling up the DagBag from /opt/airflow/dags/orchestrate.py","logger":"airflow.dag_processing.dagbag.BundleDagBag","filename":"dagbag.py","lineno":460}
{"timestamp":"2026-10-03T12:42:26.709428Z","level":"warning","event":"The `airflow.operators.bash.BashOperator` attribute is deprecated. Please use `'airflow.providers.standard.operators.bash.BashOperator'`.","category":"UserWarning","filename":"/opt/airflow/dags/orchestrate.py","lineno":3,"logger":"py.warnings"}
{"timestamp":"2026-10-03T12:42:57.438859Z","level":"info","event":"Filling up the DagBag from /opt/airflow/dags/orchestrate.py","logger":"airflow.dag_processing.dagbag.BundleDagBag","filename":"dagbag.py","lineno":460}
{"timestamp":"2026-10-03T12:42:58.427985Z","level":"warning","event":"The `airflow.operators.bash.BashOperator` attribute is deprecated. Please use `'airflow.providers.standard.operators.bash.BashOperator'`.","category":"UserWarning","filename":"/opt/airflow/dags/orchestrate.py","lineno":3,"logger":"py.warnings"}
{"timestamp":"2026-10-03T12:43:29.007476Z","level":"info","event":"Filling up the DagBag from /opt/airflow/dags/orchestrate.py","logger":"airflow.dag_processing.dagbag.BundleDagBag","filename":"dagbag.py","lineno":460}
{"timestamp":"2026-10-03T12:43:30.365213Z","level":"warning","event":"The `airflow.operators.bash.BashOperator` attribute is deprecated. Please use `'airflow.providers.standard.operators.bash.BashOperator'`.","category":"UserWarning","filename":"/opt/airflow/dags/orchestrate.py","lineno":3,"logger":"py.warnings"}
{"timestamp":"2026-10-03T12:44:00.876877Z","level":"info","event":"Filling up the DagBag from /opt/airflow/dags/orchestrate.py","logger":"airflow.dag_processing.dagbag.BundleDagBag","filename":"dagbag.py","lineno":460}
{"timestamp":"2026-10-03T12:44:02.242525Z","level":"warning","event":"The `airflow.operators.bash.BashOperator` attribute is deprecated. Please use `'airflow.providers.standard.operators.bash.BashOperator'`.","category":"UserWarning","filename":"/opt/airflow/dags/orchestrate.py","lineno":3,"logger":"py.warnings"}
{"timestamp":"2026-10-03T12:44:32.725616Z","level":"info","event":"Filling up the DagBag from /opt/airflow/dags/orchestrate.py","logger":"airflow.dag_processing.dagbag.BundleDagBag","filename":"dagbag.py","lineno":460}
{"timestamp":"2026-10-03T12:44:34.594658Z","level":"warning","event":"The `airflow.operators.bash.BashOperator` attribute is deprecated. Please use `'airflow.providers.standard.operators.bash.BashOperator'`.","category":"UserWarning","filename":"/opt/airflow/dags/orchestrate.py","lineno":3,"logger":"py.warnings"}
{"timestamp":"2026-10-03T12:45:05.291861Z","level":"info","event":"Filling up the DagBag from /opt/airflow/dags/orchestrate.py","logger":"airflow.dag_processing.dagbag.BundleDagBag","filename":"dagbag.py","lineno":460}
{"timestamp":"2026-10-03T12:45:06.574076Z","level":"warning","event":"The `airflow.operators.bash.BashOperator` attribute is deprecated. Please use `'airflow.providers.standard.operators.bash.BashOperator'`.","category":"UserWarning","filename":"/opt/airflow/dags/orchestrate.py","lineno":3,"logger":"py.warnings"}
{"timestamp":"2026-10-03T12:45:37.052785Z","level":"info","event":"Filling up the DagBag from /opt/airflow/dags/orchestrate.py","logger":"airflow.dag_processing.dagbag.BundleDagBag","filename":"dagbag.py","lineno":460}
{"timestamp":"2026-10-03T12:45:38.359504Z","level":"warning","event":"The `airflow.operators.bash.BashOperator` attribute is deprecated. Please use `'airflow.providers.standard.operators.bash.BashOperator'`.","category":"UserWarning","filename":"/opt/airflow/dags/orchestrate.py","lineno":3,"logger":"py.warnings"}
{"timestamp":"2026-10-03T12:46:08.830689Z","level":"info","event":"Filling up the DagBag from /opt/airflow/dags/orchestrate.py","logger":"airflow.dag_processing.dagbag.BundleDagBag","filename":"dagbag.py","lineno":460}
{"timestamp":"2026-10-03T12:46:10.146039Z","level":"warning","event":"The `airflow.operators.bash.BashOperator` attribute is deprecated. Please use `'airflow.providers.standard.operators.bash.BashOperator'`.","category":"UserWarning","filename":"/opt/airflow/dags/orchestrate.py","lineno":3,"logger":"py.warnings"}
{"timestamp":"2026-10-03T12:46:40.626448Z","level":"info","event":"Filling up the DagBag from /opt/airflow/dags/orchestrate.py","logger":"airflow.dag_processing.dagbag.BundleDagBag","filename":"dagbag.py","lineno":460}
{"timestamp":"2026-10-03T12:46:42.319085Z","level":"warning","event":"The `airflow.operators.bash.BashOperator` attribute is deprecated. Please use `'airflow.providers.standard.operators.bash.BashOperator'`.","category":"UserWarning","filename":"/opt/airflow/dags/orchestrate.py","lineno":3,"logger":"py.warnings"}
{"timestamp":"2026-10-03T12:47:12.872652Z","level":"info","event":"Filling up the DagBag from /opt/airflow/dags/orchestrate.py","logger":"airflow.dag_processing.dagbag.BundleDagBag","filename":"dagbag.py","lineno":460}
{"timestamp":"2026-10-03T12:47:14.263438Z","level":"warning","event":"The `airflow.operators.bash.BashOperator` attribute is deprecated. Please use `'airflow.providers.standard.operators.bash.BashOperator'`.","category":"UserWarning","filename":"/opt/airflow/dags/orchestrate.py","lineno":3,"logger":"py.warnings"}
{"timestamp":"2026-10-03T12:47:44.752205Z","level":"info","event":"Filling up the DagBag from /opt/airflow/dags/orchestrate.py","logger":"airflow.dag_processing.dagbag.BundleDagBag","filename":"dagbag.py","lineno":460}
{"timestamp":"2026-10-03T12:47:46.373655Z","level":"warning","event":"The `airflow.operators.bash.BashOperator` attribute is deprecated. Please use `'airflow.providers.standard.operators.bash.BashOperator'`.","category":"UserWarning","filename":"/opt/airflow/dags/orchestrate.py","lineno":3,"logger":"py.warnings"}
{"timestamp":"2026-10-03T12:48:16.920299Z","level":"info","event":"Filling up the DagBag from /opt/airflow/dags/orchestrate.py","logger":"airflow.dag_processing.dagbag.BundleDagBag","filename":"dagbag.py","lineno":460}
{"timestamp":"2026-10-03T12:48:18.462195Z","level":"warning","event":"The `airflow.operators.bash.BashOperator` attribute is deprecated. Please use `'airflow.providers.standard.operators.bash.BashOperator'`.","category":"UserWarning","filename":"/opt/airflow/dags/orchestrate.py","lineno":3,"logger":"py.warnings"}
{"timestamp":"2026-10-03T12:48:48.970368Z","level":"info","event":"Filling up the DagBag from /opt/airflow/dags/orchestrate.py","logger":"airflow.dag_processing.dagbag.BundleDagBag","filename":"dagbag.py","lineno":460}
{"timestamp":"2026-10-03T12:48:50.538466Z","level":"warning","event":"The `airflow.operators.bash.BashOperator` attribute is deprecated. Please use `'airflow.providers.standard.operators.bash.BashOperator'`.","category":"UserWarning","filename":"/opt/airflow/dags/orchestrate.py","lineno":3,"logger":"py.warnings"}
{"timestamp":"2026-10-03T12:49:21.024319Z","level":"info","event":"Filling up the DagBag from /opt/airflow/dags/orchestrate.py","logger":"airflow.dag_processing.dagbag.BundleDagBag","filename":"dagbag.py","lineno":460}
{"timestamp":"2026-10-03T12:49:22.441881Z","level":"warning","event":"The `airflow.operators.bash.BashOperator` attribute is deprecated. Please use `'airflow.providers.standard.operators.bash.BashOperator'`.","category":"UserWarning","filename":"/opt/airflow/dags/orchestrate.py","lineno":3,"logger":"py.warnings"}
{"timestamp":"2026-10-03T12:49:52.908753Z","level":"info","event":"Filling up the DagBag from /opt/airflow/dags/orchestrate.py","logger":"airflow.dag_processing.dagbag.BundleDagBag","filename":"dagbag.py","lineno":460}
{"timestamp":"2026-10-03T12:49:54.375437Z","level":"warning","event":"The `airflow.operators.bash.BashOperator` attribute is deprecated. Please use `'airflow.providers.standard.operators.bash.BashOperator'`.","category":"UserWarning","filename":"/opt/airflow/dags/orchestrate.py","lineno":3,"logger":"py.warnings"}
{"timestamp":"2026-10-03T12:50:24.878438Z","level":"info","event":"Filling up the DagBag from /opt/airflow/dags/orchestrate.py","logger":"airflow.dag_processing.dagbag.BundleDagBag","filename":"dagbag.py","lineno":460}
{"timestamp":"2026-10-03T12:50:26.393462Z","level":"warning","event":"The `airflow.operators.bash.BashOperator` attribute is deprecated. Please use `'airflow.providers.standard.operators.bash.BashOperator'`.","category":"UserWarning","filename":"/opt/airflow/dags/orchestrate.py","lineno":3,"logger":"py.warnings"}
{"timestamp":"2026-10-03T12:50:56.974864Z","level":"info","event":"Filling up the DagBag from /opt/airflow/dags/orchestrate.py","logger":"airflow.dag_processing.dagbag.BundleDagBag","filename":"dagbag.py","lineno":460}
{"timestamp":"2026-10-03T12:50:58.725639Z","level":"warning","event":"The `airflow.operators.bash.BashOperator` attribute is deprecated. Please use `'airflow.providers.standard.operators.bash.BashOperator'`.","category":"UserWarning","filename":"/opt/airflow/dags/orchestrate.py","lineno":3,"logger":"py.warnings"}
{"timestamp":"2026-10-03T12:51:29.219946Z","level":"info","event":"Filling up the DagBag from /opt/airflow/dags/orchestrate.py","logger":"airflow.dag_processing.dagbag.BundleDagBag","filename":"dagbag.py","lineno":460}
{"timestamp":"2026-10-03T12:51:30.531667Z","level":"warning","event":"The `airflow.operators.bash.BashOperator` attribute is deprecated. Please use `'airflow.providers.standard.operators.bash.BashOperator'`.","category":"UserWarning","filename":"/opt/airflow/dags/orchestrate.py","lineno":3,"logger":"py.warnings"}
{"timestamp":"2026-10-03T12:52:01.053545Z","level":"info","event":"Filling up the DagBag from /opt/airflow/dags/orchestrate.py","logger":"airflow.dag_processing.dagbag.BundleDagBag","filename":"dagbag.py","lineno":460}
{"timestamp":"2026-10-03T12:52:02.472535Z","level":"warning","event":"The `airflow.operators.bash.BashOperator` attribute is deprecated. Please use `'airflow.providers.standard.operators.bash.BashOperator'`.","category":"UserWarning","filename":"/opt/airflow/dags/orchestrate.py","lineno":3,"logger":"py.warnings"}
{"timestamp":"2026-10-03T12:52:33.020131Z","level":"info","event":"Filling up the DagBag from /opt/airflow/dags/orchestrate.py","logger":"airflow.dag_processing.dagbag.BundleDagBag","filename":"dagbag.py","lineno":460}
{"timestamp":"2026-10-03T12:52:34.630107Z","level":"warning","event":"The `airflow.operators.bash.BashOperator` attribute is deprecated. Please use `'airflow.providers.standard.operators.bash.BashOperator'`.","category":"UserWarning","filename":"/opt/airflow/dags/orchestrate.py","lineno":3,"logger":"py.warnings"}
{"timestamp":"2026-10-03T12:53:05.099928Z","level":"info","event":"Filling up the DagBag from /opt/airflow/dags/orchestrate.py","logger":"airflow.dag_processing.dagbag.BundleDagBag","filename":"dagbag.py","lineno":460}
{"timestamp":"2026-10-03T12:53:06.809733Z","level":"warning","event":"The `airflow.operators.bash.BashOperator` attribute is deprecated. Please use `'airflow.providers.standard.operators.bash.BashOperator'`.","category":"UserWarning","filename":"/opt/airflow/dags/orchestrate.py","lineno":3,"logger":"py.warnings"}
{"timestamp":"2026-10-03T12:53:37.407563Z","level":"info","event":"Filling up the DagBag from /opt/airflow/dags/orchestrate.py","logger":"airflow.dag_processing.dagbag.BundleDagBag","filename":"dagbag.py","lineno":460}
{"timestamp":"2026-10-03T12:53:39.270614Z","level":"warning","event":"The `airflow.operators.bash.BashOperator` attribute is deprecated. Please use `'airflow.providers.standard.operators.bash.BashOperator'`.","category":"UserWarning","filename":"/opt/airflow/dags/orchestrate.py","lineno":3,"logger":"py.warnings"}
{"timestamp":"2026-10-03T12:54:09.737552Z","level":"info","event":"Filling up the DagBag from /opt/airflow/dags/orchestrate.py","logger":"airflow.dag_processing.dagbag.BundleDagBag","filename":"dagbag.py","lineno":460}
{"timestamp":"2026-10-03T12:54:11.102252Z","level":"warning","event":"The `airflow.operators.bash.BashOperator` attribute is deprecated. Please use `'airflow.providers.standard.operators.bash.BashOperator'`.","category":"UserWarning","filename":"/opt/airflow/dags/orchestrate.py","lineno":3,"logger":"py.warnings"}
{"timestamp":"2026-10-03T12:54:41.639059Z","level":"info","event":"Filling up the DagBag from /opt/airflow/dags/orchestrate.py","logger":"airflow.dag_processing.dagbag.BundleDagBag","filename":"dagbag.py","lineno":460}
{"timestamp":"2026-10-03T12:54:43.345476Z","level":"warning","event":"The `airflow.operators.bash.BashOperator` attribute is deprecated. Please use `'airflow.providers.standard.operators.bash.BashOperator'`.","category":"UserWarning","filename":"/opt/airflow/dags/orchestrate.py","lineno":3,"logger":"py.warnings"}
{"timestamp":"2026-10-03T12:55:13.959006Z","level":"info","event":"Filling up the DagBag from /opt/airflow/dags/orchestrate.py","logger":"airflow.dag_processing.dagbag.BundleDagBag","filename":"dagbag.py","lineno":460}
{"timestamp":"2026-10-03T12:55:15.054944Z","level":"warning","event":"The `airflow.operators.bash.BashOperator` attribute is deprecated. Please use `'airflow.providers.standard.operators.bash.BashOperator'`.","category":"UserWarning","filename":"/opt/airflow/dags/orchestrate.py","lineno":3,"logger":"py.warnings"}
{"timestamp":"2026-10-04T09:41:23.987000Z","level":"info","event":"Filling up the DagBag from /opt/airflow/dags/orchestrate.py","logger":"airflow.dag_processing.dagbag.BundleDagBag","filename":"dagbag.py","lineno":460}
{"timestamp":"2026-10-04T09:41:25.784890Z","level":"warning","event":"The `airflow.operators.bash.BashOperator` attribute is deprecated. Please use `'airflow.providers.standard.operators.bash.BashOperator'`.","category":"UserWarning","filename":"/opt/airflow/dags/orchestrate.py","lineno":3,"logger":"py.warnings"}
